SeasonStart,Tm,PlayerName,injuries_data
2013,POR,Meyers Leonard,1
2013,ATL,Anthony Morrow,1
2013,DAL,Brandan Wright,1
2013,WAS,A.J. Price,1
2013,WAS,Trevor Ariza,1
2013,MIL,Beno Udrih,1
2013,CHI,Joakim Noah,1
2013,CHI,Vladimir Radmanovic,1
2013,BOS,Chris Wilcox,1
2013,BOS,Kris Joseph,1
2013,CHA,Eric Gordon,1
2013,BRK,C.J. Watson,1
2013,BRK,Jerry Stackhouse,1
2013,TOR,Linas Kleiza,1
2013,HOU,Cole Aldrich,1
2013,WAS,A.J. Price,1
2013,WAS,Trevor Ariza,1
2013,BOS,Fab Melo,1
2013,MIL,Doron Lamb,1
2013,CLE,Jon Leuer,1
2013,MEM,Zach Randolph,1
2013,ATL,Anthony Morrow,1
2013,ATL,Johan Petro,1
2013,BRK,Kris Humphries,1
2013,IND,Miles Plumlee,1
2013,IND,Sam Young,1
2013,DET,Khris Middleton,1
2013,TOR,Linas Kleiza,1
2013,WAS,A.J. Price,1
2013,WAS,Trevor Ariza,1
2013,MIL,Ersan Ilyasova,1
2013,MIL,Sam Young,1
2013,CLE,Samardo Samuels,1
2013,ATL,Anthony Morrow,1
2013,SAS,Stephen Jackson,1
2013,DET,Corey Maggette,1
2013,TOR,Aaron Gray,1
2013,TOR,Linas Kleiza,1
2013,WAS,A.J. Price,1
2013,WAS,Trevor Ariza,1
2013,POR,Will Barton,1
2013,WAS,Cartier Martin,1
2013,WAS,Jordan Crawford,1
2013,WAS,Nene Hilario,1
2013,MIL,Doron Lamb,1
2013,ATL,Johan Petro,1
2013,HOU,Patrick Beverley,1
2013,CHI,Kirk Hinrich,1
2013,CLE,C.J. Miles,1
2013,ATL,Anthony Morrow,1
2013,ATL,DeShawn Stevenson,1
2013,DAL,Bernard James,1
2013,DAL,Jared Cunningham,1
2013,TOR,Linas Kleiza,1
2013,TOR,Terrence Ross,1
2013,CLE,Anderson Varejao,1
2013,MIA,Shane Battier,1
2013,DAL,Dominique Jones,1
2013,ATL,Anthony Morrow,1
2013,BRK,Kris Humphries,1
2013,BRK,Mirza Teletovic,1
2013,TOR,Linas Kleiza,1
2013,GSW,Andris Biedrins,1
2013,MEM,Tony Wroten Jr.,1
2013,MEM,Quincy Pondexter,1
2013,IND,Paul George,1
2013,WAS,Cartier Martin,1
2013,WAS,Jordan Crawford,1
2013,BRK,Gerald Wallace,1
2013,IND,Miles Plumlee,1
2013,OKC,Serge Ibaka,1
2013,OKC,Thabo Sefolosha,1
2013,GSW,Andris Biedrins,1
2013,ATL,DeShawn Stevenson,1
2013,SAS,Manu Ginobili,1
2013,WAS,Jordan Crawford,1
2013,WAS,Trevor Booker,1
2013,BRK,Gerald Wallace,1
2013,BRK,Tornike Shengelia,1
2013,MIA,Josh Harrellson,1
2013,CHA,Eric Gordon,1
2013,DAL,Dominique Jones,1
2013,TOR,Linas Kleiza,1
2013,SAS,Manu Ginobili,1
2013,OKC,Daniel Orton,1
2013,GSW,Stephen Curry,1
2013,WAS,Jordan Crawford,1
2013,WAS,Trevor Booker,1
2013,MIA,Jarvis Varnado,1
2013,DET,Khris Middleton,1
2013,DET,Kim English,1
2013,BOS,Avery Bradley,1
2013,MEM,Zach Randolph,1
2013,ATL,Al Horford,1
2013,ATL,DeShawn Stevenson,1
2013,IND,Gerald Green,1
2013,POR,Sasha Pavlovic,1
2013,CHI,Luol Deng,1
2013,ATL,Lou Williams,1
2013,CHA,Brian Roberts,1
2013,SAS,Tim Duncan,1
2013,GSW,David Lee,1
2013,DAL,Rodrigue Beaubois,1
2013,DET,Viacheslav Kravstov,1
2013,TOR,Linas Kleiza,1
2013,CHI,Luol Deng,1
2013,CLE,Anderson Varejao,1
2013,ATL,Anthony Morrow,1
2013,ATL,Devin Harris,1
2013,BRK,Tyshawn Taylor,1
2013,MIL,Doron Lamb,1
2013,MIL,Marquis Daniels,1
2013,CLE,C.J. Miles,1
2013,OKC,Jeremy Lamb,1
2013,MEM,Jon Leuer,1
2013,ATL,Al Horford,1
2013,ATL,Devin Harris,1
2013,ATL,Zaza Pachulia,1
2013,SAS,Kawhi Leonard,1
2013,SAS,Tim Duncan,1
2013,CHI,Luol Deng,1
2013,MEM,Quincy Pondexter,1
2013,DAL,Dominique Jones,1
2013,MIL,Joel Przybilla,1
2013,CHI,Luol Deng,1
2013,CLE,Luke Walton,1
2013,IND,Gerald Green,1
2013,TOR,Linas Kleiza,1
2013,POR,Jared Jeffries,1
2013,BOS,Rajon Rondo,1
2013,MEM,Quincy Pondexter,1
2013,DET,Rodney Stuckey,1
2013,MEM,Mike Conley Jr.,1
2013,BRK,Tornike Shengelia,1
2013,TOR,Kyle Lowry,1
2013,TOR,Linas Kleiza,1
2013,GSW,Jeremy Tyler,1
2013,POR,Victor Claver,1
2013,CLE,Daniel Gibson,1
2013,CLE,Luke Walton,1
2013,DAL,Chris Kaman,1
2013,DET,Khris Middleton,1
2013,GSW,Andrew Bogut,1
2013,GSW,Carl Landry,1
2013,GSW,Stephen Curry,1
2013,MIL,Larry Sanders,1
2013,CHI,Carlos Boozer,1
2013,BOS,Rajon Rondo,1
2013,ATL,Zaza Pachulia,1
2013,CHA,Eric Gordon,1
2013,TOR,Linas Kleiza,1
2013,TOR,Mickael Pietrus,1
2013,SAS,DeJuan Blair,1
2013,SAS,Matt Bonner,1
2013,WAS,Bradley Beal,1
2013,DAL,Dirk Nowitzki,1
2013,GSW,Stephen Curry,1
2013,POR,Joel Freeland,1
2013,MIL,Joel Przybilla,1
2013,CHI,Carlos Boozer,1
2013,CHI,Joakim Noah,1
2013,CHI,Kirk Hinrich,1
2013,CLE,Daniel Gibson,1
2013,BOS,Jared Sullinger,1
2013,BOS,Rajon Rondo,1
2013,DAL,Dirk Nowitzki,1
2013,DET,Jose Calderon,1
2013,TOR,Hamed Haddadi,1
2013,TOR,Linas Kleiza,1
2013,WAS,Bradley Beal,1
2013,IND,Miles Plumlee,1
2013,POR,Ronnie Price,1
2013,POR,Wes Matthews Jr.,1
2013,CHI,Carlos Boozer,1
2013,CHI,Joakim Noah,1
2013,CHI,Kirk Hinrich,1
2013,CLE,Daniel Gibson,1
2013,ATL,Devin Harris,1
2013,CHA,Eric Gordon,1
2013,SAS,Aron Baynes,1
2013,SAS,Manu Ginobili,1
2013,GSW,Jeremy Tyler,1
2013,WAS,Bradley Beal,1
2013,WAS,Trevor Booker,1
2013,TOR,Landry Fields,1
2013,TOR,Linas Kleiza,1
2013,CHI,Joakim Noah,1
2013,CHI,Kirk Hinrich,1
2013,DAL,Vince Carter,1
2013,DET,Corey Maggette,1
2013,WAS,Bradley Beal,1
2013,WAS,Trevor Booker,1
2013,ATL,Devin Harris,1
2013,BRK,Jerry Stackhouse,1
2013,HOU,Carlos Delfino,1
2013,MIL,Larry Sanders,1
2013,MIL,Luc Mbah a Moute,1
2013,ATL,DeShawn Stevenson,1
2013,MIA,Chris Bosh,1
2013,BRK,Jerry Stackhouse,1
2013,TOR,Landry Fields,1
2013,HOU,Carlos Delfino,1
2013,SAS,Manu Ginobili,1
2013,SAS,Tim Duncan,1
2013,GSW,Andrew Bogut,1
2013,GSW,Jarrett Jack,1
2013,WAS,Bradley Beal,1
2013,WAS,Trevor Booker,1
2013,CHI,Kirk Hinrich,1
2013,CHI,Marco Belinelli,1
2013,ATL,Lou Williams,1
2013,POR,Sasha Pavlovic,1
2013,CHI,Kirk Hinrich,1
2013,ATL,DeShawn Stevenson,1
2013,MIA,Ray Allen,1
2013,BRK,Jerry Stackhouse,1
2013,IND,Sam Young,1
2013,DET,Andre Drummond,1
2013,TOR,Linas Kleiza,1
2013,SAS,Manu Ginobili,1
2013,GSW,Jarrett Jack,1
2013,GSW,Jeremy Tyler,1
2013,WAS,Jordan Crawford,1
2013,WAS,Trevor Booker,1
2013,GSW,Andrew Bogut,1
2013,GSW,Jarrett Jack,1
2013,MIA,Jarvis Varnado,1
2013,TOR,Andrea Bargnani,1
2013,TOR,Linas Kleiza,1
2013,HOU,Toney Douglas,1
2013,SAS,Manu Ginobili,1
2013,OKC,Kevin Martin,1
2013,CHI,Kirk Hinrich,1
2013,ATL,Johan Petro,1
2013,CHA,Eric Gordon,1
2013,BRK,Deron Williams,1
2013,IND,Sam Young,1
2013,SAS,Tony Parker,1
2013,SAS,Manu Ginobili,1
2013,WAS,Trevor Booker,1
2013,POR,Will Barton,1
2013,BOS,Leandro Barbosa,1
2013,MIA,Mike Miller,1
2013,HOU,Toney Douglas,1
2013,GSW,Jeremy Tyler,1
2013,POR,Nolan Smith,1
2013,BOS,Rajon Rondo,1
2013,CHA,Eric Gordon,1
2013,IND,David West,1
2013,HOU,Toney Douglas,1
2013,WAS,Trevor Booker,1
2013,MIA,Udonis Haslem,1
2013,POR,Wes Matthews Jr.,1
2013,MIL,Marquis Daniels,1
2013,BOS,Leandro Barbosa,1
2013,BRK,Tornike Shengelia,1
2013,MIL,Joel Przybilla,1
2013,BOS,Leandro Barbosa,1
2013,MIA,Mike Miller,1
2013,CHA,Eric Gordon,1
2013,CHA,Eric Gordon,1
2013,IND,Miles Plumlee,1
2013,HOU,Marcus Morris,1
2013,OKC,Kendrick Perkins,1
2013,HOU,Toney Douglas,1
2013,CHI,Kirk Hinrich,1
2013,SAS,Kawhi Leonard,1
2013,POR,Eric Maynor,1
2013,CHI,Kirk Hinrich,1
2013,BOS,Kevin Garnett,1
2013,ATL,Jeremy Tyler,1
2013,BRK,Jerry Stackhouse,1
2013,BRK,Joe Johnson,1
2013,DET,Brandon Knight,1
2013,TOR,Terrence Ross,1
2013,SAS,Aron Baynes,1
2013,SAS,Stephen Jackson,1
2013,OKC,Ronnie Brewer,1
2013,GSW,Andrew Bogut,1
2013,MIL,Ish Smith,1
2013,CLE,Omri Casspi,1
2013,IND,Ben Hansbrough,1
2013,DET,Brandon Knight,1
2013,DET,Corey Maggette,1
2013,CHI,Kirk Hinrich,1
2013,MIA,Jarvis Varnado,1
2013,DAL,Dominique Jones,1
2013,SAS,Tony Parker,1
2013,SAS,Gary Neal,1
2013,CLE,Omri Casspi,1
2013,CLE,Omri Casspi,1
2013,ATL,Zaza Pachulia,1
2013,DET,Brandon Knight,1
2013,TOR,Mickael Pietrus,1
2013,TOR,Sebastian Telfair,1
2013,CHI,Taj Gibson,1
2013,CLE,Kyrie Irving,1
2013,CLE,Omri Casspi,1
2013,MIA,Shane Battier,1
2013,MIL,Samuel Dalembert,1
2013,POR,Nolan Smith,1
2013,MIL,Joel Przybilla,1
2013,CLE,Kyrie Irving,1
2013,CLE,Omri Casspi,1
2013,ATL,Jeremy Tyler,1
2013,CHA,Anthony Davis,1
2013,CHA,Eric Gordon,1
2013,HOU,Tyler Honeycutt,1
2013,OKC,Daniel Orton,1
2013,OKC,Jeremy Lamb,1
2013,WAS,Leandro Barbosa,1
2013,WAS,Nene Hilario,1
2013,CHI,Richard Hamilton,1
2013,CHI,Taj Gibson,1
2013,CLE,Kyrie Irving,1
2013,CLE,Omri Casspi,1
2013,CHA,Anthony Davis,1
2013,CHA,Jason Smith,1
2013,DAL,Anthony Morrow,1
2013,BRK,Tornike Shengelia,1
2013,SAS,Boris Diaw,1
2013,SAS,Stephen Jackson,1
2013,OKC,DeAndre Liggins,1
2013,OKC,Perry Jones III,1
2013,BOS,Fab Melo,1
2013,ATL,Mike Scott,1
2013,MIA,Jarvis Varnado,1
2013,POR,Sasha Pavlovic,1
2013,CHI,Richard Hamilton,1
2013,CHI,Taj Gibson,1
2013,TOR,Rudy Gay,1
2013,SAS,Tony Parker,1
2013,CHI,Kirk Hinrich,1
2013,CHI,Richard Hamilton,1
2013,MEM,Zach Randolph,1
2013,SAS,Tony Parker,1
2013,WAS,Jason Collins,1
2013,CLE,Dion Waiters,1
2013,CLE,Omri Casspi,1
2013,CLE,Tyler Zeller,1
2013,ATL,Kyle Korver,1
2013,ATL,Zaza Pachulia,1
2013,CHA,Jason Smith,1
2013,TOR,Quincy Acy,1
2013,OKC,Daniel Orton,1
2013,CHI,Kirk Hinrich,1
2013,CLE,Daniel Gibson,1
2013,CLE,Dion Waiters,1
2013,CLE,Omri Casspi,1
2013,MEM,Darrell Arthur,1
2013,MEM,Zach Randolph,1
2013,ATL,Zaza Pachulia,1
2013,IND,Danny Granger,1
2013,DET,Charlie Villanueva,1
2013,DET,Greg Monroe,1
2013,TOR,Linas Kleiza,1
2013,HOU,Terrence Jones,1
2013,SAS,Aron Baynes,1
2013,WAS,Bradley Beal,1
2013,CHA,Austin Rivers,1
2013,OKC,DeAndre Liggins,1
2013,CHI,Kirk Hinrich,1
2013,CLE,Daniel Gibson,1
2013,CLE,Omri Casspi,1
2013,MEM,Darrell Arthur,1
2013,MEM,Zach Randolph,1
2013,ATL,Ivan Johnson,1
2013,DAL,Shawn Marion,1
2013,IND,Ben Hansbrough,1
2013,TOR,Mickael Pietrus,1
2013,MIL,Ersan Ilyasova,1
2013,MEM,Darrell Arthur,1
2013,MEM,Zach Randolph,1
2013,CHA,Austin Rivers,1
2013,GSW,David Lee,1
2013,POR,Meyers Leonard,1
2013,POR,Victor Claver,1
2013,MIL,J.J. Redick,1
2013,MIL,Larry Sanders,1
2013,CHI,Kirk Hinrich,1
2013,CLE,Omri Casspi,1
2013,CHA,Eric Gordon,1
2013,IND,Miles Plumlee,1
2013,TOR,Andrea Bargnani,1
2013,TOR,Rudy Gay,1
2013,CLE,Kyrie Irving,1
2013,DET,Jason Maxiell,1
2013,POR,Victor Claver,1
2013,MIL,Luc Mbah a Moute,1
2013,CLE,Kyrie Irving,1
2013,CLE,Omri Casspi,1
2013,BOS,Paul Pierce,1
2013,MEM,Darrell Arthur,1
2013,CHA,Ryan Anderson,1
2013,BRK,Joe Johnson,1
2013,SAS,Kawhi Leonard,1
2013,SAS,Tim Duncan,1
2013,CHI,Kirk Hinrich,1
2013,MEM,Darrell Arthur,1
2013,ATL,Jeff Teague,1
2013,ATL,Josh Smith,1
2013,IND,Ben Hansbrough,1
2013,DET,Brandon Knight,1
2013,HOU,Tim Ohlbrecht,1
2013,WAS,A.J. Price,1
2013,SAS,Aron Baynes,1
2013,CHI,Kirk Hinrich,1
2013,CLE,Wayne Ellington,1
2013,MEM,Darrell Arthur,1
2013,HOU,Tim Ohlbrecht,1
2013,OKC,Hasheem Thabeet,1
2013,WAS,A.J. Price,1
2013,POR,Victor Claver,1
2013,BOS,Kevin Garnett,1
2013,MEM,Darrell Arthur,1
2013,MEM,Tony Wroten Jr.,1
2013,DET,Brandon Knight,1
2013,WAS,A.J. Price,1
2013,WAS,Trevor Ariza,1
2013,DAL,Rodrigue Beaubois,1
2013,BRK,Tyshawn Taylor,1
2013,HOU,Tim Ohlbrecht,1
2013,OKC,Hasheem Thabeet,1
2013,POR,Victor Claver,1
2013,CHI,Kirk Hinrich,1
2013,BOS,Kevin Garnett,1
2013,MEM,Darrell Arthur,1
2013,CHA,Eric Gordon,1
2013,DAL,Rodrigue Beaubois,1
2013,BRK,Keith Bogans,1
2013,BRK,Kris Humphries,1
2013,BRK,Tornike Shengelia,1
2013,IND,David West,1
2013,DET,Brandon Knight,1
2013,MIL,Ersan Ilyasova,1
2013,CLE,Dion Waiters,1
2013,OKC,Hasheem Thabeet,1
2013,CLE,Dion Waiters,1
2013,MEM,Darrell Arthur,1
2013,DAL,Rodrigue Beaubois,1
2013,BRK,Kris Humphries,1
2013,SAS,Gary Neal,1
2013,OKC,DeAndre Liggins,1
2013,OKC,Jeremy Lamb,1
2013,WAS,Emeka Okafor,1
2013,DAL,Shawn Marion,1
2013,CLE,Dion Waiters,1
2013,DET,Brandon Knight,1
2013,TOR,Sebastian Telfair,1
2013,HOU,Terrence Jones,1
2013,HOU,Tim Ohlbrecht,1
2013,SAS,Aron Baynes,1
2013,OKC,Perry Jones III,1
2013,WAS,Bradley Beal,1
2013,WAS,Emeka Okafor,1
2013,CHI,Joakim Noah,1
2013,BOS,Courtney Lee,1
2013,BOS,Kevin Garnett,1
2013,MEM,Marc Gasol,1
2013,TOR,Rudy Gay,1
2013,TOR,Sebastian Telfair,1
2013,WAS,Bradley Beal,1
2013,WAS,Trevor Ariza,1
2013,MIL,Joel Przybilla,1
2013,CHI,Joakim Noah,1
2013,CHI,Marco Belinelli,1
2013,MIA,Dwyane Wade,1
2013,BRK,Joe Johnson,1
2013,HOU,Francisco Garcia,1
2013,HOU,Tim Ohlbrecht,1
2013,OKC,Daniel Orton,1
2013,ATL,Devin Harris,1
2013,CHA,Eric Gordon,1
2013,CHA,Greivis Vasquez,1
2013,IND,George Hill,1
2013,IND,Lance Stephenson,1
2013,WAS,Bradley Beal,1
2013,WAS,Martell Webster,1
2013,WAS,Nene Hilario,1
2013,WAS,Trevor Ariza,1
2013,BOS,Courtney Lee,1
2013,BOS,Kevin Garnett,1
2013,DET,Will Bynum,1
2013,MIL,Ish Smith,1
2013,CHI,Joakim Noah,1
2013,CHI,Marco Belinelli,1
2013,CLE,Dion Waiters,1
2013,BOS,Courtney Lee,1
2013,BOS,Kevin Garnett,1
2013,ATL,Devin Harris,1
2013,MIA,Juwan Howard,1
2013,BRK,Joe Johnson,1
2013,TOR,Sebastian Telfair,1
2013,HOU,Francisco Garcia,1
2013,SAS,Patty Mills,1
2013,OKC,DeAndre Liggins,1
2013,WAS,Bradley Beal,1
2013,WAS,Jason Collins,1
2013,WAS,Martell Webster,1
2013,WAS,Nene Hilario,1
2013,WAS,Trevor Ariza,1
2013,MIL,Gustavo Ayon,1
2013,IND,Miles Plumlee,1
2013,POR,LaMarcus Aldridge,1
2013,CLE,Dion Waiters,1
2013,BOS,Kevin Garnett,1
2013,ATL,Al Horford,1
2013,ATL,Devin Harris,1
2013,MIA,Mario Chalmers,1
2013,CHA,Greivis Vasquez,1
2013,BRK,Joe Johnson,1
2013,DET,Charlie Villanueva,1
2013,DET,Will Bynum,1
2013,TOR,Sebastian Telfair,1
2013,HOU,Francisco Garcia,1
2013,WAS,Bradley Beal,1
2013,WAS,Jason Collins,1
2013,WAS,Nene Hilario,1
2013,CHI,Joakim Noah,1
2013,CHI,Marco Belinelli,1
2013,ATL,Al Horford,1
2013,ATL,John Jenkins,1
2013,IND,Gerald Green,1
2013,HOU,James Harden,1
2013,CHI,Joakim Noah,1
2013,CHI,Marco Belinelli,1
2013,CLE,Dion Waiters,1
2013,BOS,Kevin Garnett,1
2013,MIA,Dwyane Wade,1
2013,MIA,LeBron James,1
2013,DET,Jason Maxiell,1
2013,SAS,Manu Ginobili,1
2013,WAS,Nene Hilario,1
2013,DET,Will Bynum,1
2013,MIL,Luc Mbah a Moute,1
2013,CLE,C.J. Miles,1
2013,CLE,Kyrie Irving,1
2013,BOS,Kevin Garnett,1
2013,BOS,Paul Pierce,1
2013,ATL,John Jenkins,1
2013,IND,Ben Hansbrough,1
2013,DET,Will Bynum,1
2013,TOR,Landry Fields,1
2013,HOU,Chandler Parsons,1
2013,HOU,James Harden,1
2013,SAS,Kawhi Leonard,1
2013,SAS,Tim Duncan,1
2013,CHI,Joakim Noah,1
2013,CHI,Marco Belinelli,1
2013,MIA,Dwyane Wade,1
2013,MIA,LeBron James,1
2013,WAS,Jason Collins,1
2013,POR,Nicolas Batum,1
2013,MIL,Gustavo Ayon,1
2013,MEM,Tony Wroten Jr.,1
2013,ATL,Devin Harris,1
2013,ATL,John Jenkins,1
2013,ATL,Zaza Pachulia,1
2013,BRK,Gerald Wallace,1
2013,DET,Jose Calderon,1
2013,DET,Will Bynum,1
2013,TOR,Linas Kleiza,1
2013,HOU,Carlos Delfino,1
2013,SAS,Tony Parker,1
2013,SAS,DeJuan Blair,1
2013,SAS,Kawhi Leonard,1
2013,WAS,Bradley Beal,1
2013,WAS,Jason Collins,1
2013,CHI,Joakim Noah,1
2013,CHI,Marco Belinelli,1
2013,CHI,Taj Gibson,1
2013,DAL,Elton Brand,1
2013,BRK,Tornike Shengelia,1
2013,BRK,Tyshawn Taylor,1
2013,IND,Danny Granger,1
2013,SAS,Stephen Jackson,1
2013,OKC,Perry Jones III,1
2013,CHI,Joakim Noah,1
2013,CHI,Marco Belinelli,1
2013,CLE,Daniel Gibson,1
2013,BOS,Paul Pierce,1
2013,ATL,Devin Harris,1
2013,MIA,Dwyane Wade,1
2013,MIA,LeBron James,1
2013,MIA,Ray Allen,1
2013,DAL,Elton Brand,1
2013,IND,Miles Plumlee,1
2013,HOU,Chandler Parsons,1
2013,OKC,Jeremy Lamb,1
2013,MIL,Ekpe Udoh,1
2013,ATL,Al Horford,1
2013,ATL,Josh Smith,1
2013,MIA,Chris Bosh,1
2013,BRK,Kris Humphries,1
2013,IND,Ben Hansbrough,1
2013,DET,Will Bynum,1
2013,HOU,Chandler Parsons,1
2013,SAS,Tony Parker,1
2013,SAS,Aron Baynes,1
2013,CHI,Luol Deng,1
2013,CLE,Daniel Gibson,1
2013,CLE,Luke Walton,1
2013,MEM,Darrell Arthur,1
2013,MEM,Jerryd Bayless,1
2013,DAL,Elton Brand,1
2013,DET,Jose Calderon,1
2013,OKC,Daniel Orton,1
2013,OKC,DeAndre Liggins,1
2013,MIL,Drew Gooden,1
2013,CHI,Joakim Noah,1
2013,CHI,Luol Deng,1
2013,CLE,C.J. Miles,1
2013,CLE,Daniel Gibson,1
2013,CLE,Luke Walton,1
2013,MEM,Darrell Arthur,1
2013,BRK,Keith Bogans,1
2013,TOR,Mickael Pietrus,1
2013,HOU,Chandler Parsons,1
2013,OKC,Jeremy Lamb,1
2013,OKC,Perry Jones III,1
2013,WAS,Trevor Ariza,1
2013,HOU,Tim Ohlbrecht,1
2013,HOU,Carlos Delfino,1
2013,POR,J.J. Hickson,1
2013,POR,Wes Matthews Jr.,1
2013,MIL,Ersan Ilyasova,1
2013,CLE,C.J. Miles,1
2013,CLE,Daniel Gibson,1
2013,MIA,Chris Bosh,1
2013,MIA,LeBron James,1
2013,MIA,Udonis Haslem,1
2013,DAL,Elton Brand,1
2013,DET,Jose Calderon,1
2013,SAS,Boris Diaw,1
2013,SAS,Manu Ginobili,1
2013,SAS,Stephen Jackson,1
2013,WAS,Trevor Ariza,1
2013,CHA,Anthony Davis,1
2013,OKC,DeAndre Liggins,1
2013,MIL,Brandon Jennings,1
2013,MIL,Larry Sanders,1
2013,CLE,Daniel Gibson,1
2013,BOS,Kevin Garnett,1
2013,BOS,Paul Pierce,1
2013,MEM,Dexter Pittman,1
2013,MIA,Shane Battier,1
2013,MIA,Shane Battier,1
2013,MIA,Udonis Haslem,1
2013,CHA,Anthony Davis,1
2013,CHA,Greivis Vasquez,1
2013,BRK,Gerald Wallace,1
2013,DET,Jose Calderon,1
2013,TOR,Jonas Valanciunas,1
2013,TOR,Landry Fields,1
2013,TOR,Terrence Ross,1
2013,HOU,Chandler Parsons,1
2013,SAS,Boris Diaw,1
2013,OKC,Kendrick Perkins,1
2013,OKC,Kevin Martin,1
2013,GSW,Andrew Bogut,1
2013,WAS,Martell Webster,1
2013,WAS,Trevor Ariza,1
2013,MIL,Marquis Daniels,1
2013,POR,LaMarcus Aldridge,1
2013,CLE,Luke Walton,1
2013,CLE,Shaun Livingston,1
2013,CHA,Anthony Davis,1
2013,IND,Miles Plumlee,1
2013,TOR,Landry Fields,1
2013,TOR,Terrence Ross,1
2013,MIL,Joel Przybilla,1
2013,MIL,Marquis Daniels,1
2013,CHI,Vladimir Radmanovic,1
2013,CLE,Luke Walton,1
2013,MIA,Chris Bosh,1
2013,MIA,Dwyane Wade,1
2013,MIA,LeBron James,1
2013,MIA,Mario Chalmers,1
2013,BRK,Deron Williams,1
2013,BRK,Jerry Stackhouse,1
2013,BRK,Joe Johnson,1
2013,BRK,Reggie Evans,1
2013,DET,Jose Calderon,1
2013,SAS,Tony Parker,1
2013,SAS,Kawhi Leonard,1
2013,SAS,Tim Duncan,1
2013,OKC,Derek Fisher,1
2013,OKC,Kendrick Perkins,1
2013,OKC,Kevin Martin,1
2013,GSW,Andrew Bogut,1
2013,GSW,Andris Biedrins,1
2013,GSW,Draymond Green,1
2013,WAS,Martell Webster,1
2013,WAS,Nene Hilario,1
2013,WAS,Trevor Ariza,1
2013,POR,LaMarcus Aldridge,1
2013,ATL,Al Horford,1
2013,ATL,DeShawn Stevenson,1
2013,TOR,Linas Kleiza,1
2013,MIL,Ersan Ilyasova,1
2013,CLE,C.J. Miles,1
2013,BOS,Jason Terry,1
2013,BOS,Kevin Garnett,1
2013,ATL,Al Horford,1
2013,ATL,Devin Harris,1
2013,ATL,Jeff Teague,1
2013,ATL,Josh Smith,1
2013,ATL,Kyle Korver,1
2013,MIA,Chris Bosh,1
2013,MIA,Mario Chalmers,1
2013,CHA,Anthony Davis,1
2013,CHA,Greivis Vasquez,1
2013,BRK,Kris Joseph,1
2013,BRK,Tornike Shengelia,1
2013,IND,David West,1
2013,IND,George Hill,1
2013,IND,Paul George,1
2013,IND,Roy Hibbert,1
2013,DET,Jose Calderon,1
2013,TOR,Terrence Ross,1
2013,SAS,Tiago Splitter,1
2013,SAS,Tracy McGrady,1
2013,OKC,Kevin Durant,1
2013,OKC,Nick Collison,1
2013,GSW,Andris Biedrins,1
2013,GSW,Draymond Green,1
2013,WAS,Emeka Okafor,1
2013,WAS,Martell Webster,1
2013,WAS,Nene Hilario,1
2013,WAS,Trevor Ariza,1
2013,MEM,Donte Greene,1
2013,MEM,Willie Reed,1
2013,GSW,Scott Machado,1
2013,MIL,Drew Gooden,1
2013,MIL,Joel Przybilla,1
2013,MIA,Jarvis Varnado,1
2013,MIA,Juwan Howard,1
2013,IND,Miles Plumlee,1
2013,HOU,Royce White,1
2013,OKC,Daniel Orton,1
2013,OKC,Jeremy Lamb,1
2013,GSW,David Lee,1
2013,GSW,David Lee,1
2013,OKC,Perry Jones III,1
2013,CHI,Malcolm Thomas,1
2013,MEM,Jon Leuer,1
2013,OKC,Russell Westbrook,1
2013,GSW,David Lee,1
2013,MEM,Keyon Dooling,1
2013,HOU,Greg Smith,1
2013,OKC,Russell Westbrook,1
2013,MIA,Dwyane Wade,1
2013,SAS,Tiago Splitter,1
2013,GSW,David Lee,1
2013,CHI,Kirk Hinrich,1
2013,HOU,Jeremy Lin,1
2013,HOU,Jeremy Lin,1
2013,OKC,Perry Jones III,1
2013,CHI,Luol Deng,1
2013,CHI,Malcolm Thomas,1
2013,GSW,Dwayne Jones,1
2013,HOU,Carlos Delfino,1
2013,CHI,Luol Deng,1
2013,OKC,Jeremy Lamb,1
2013,BOS,Jason Terry,1
2013,SAS,Nando De Colo,1
2013,GSW,David Lee,1
2013,OKC,Perry Jones III,1
2013,SAS,Aron Baynes,1
2013,GSW,David Lee,1
2013,NOP,Eric Gordon,1
2013,OKC,Jeremy Lamb,1
2013,OKC,Perry Jones III,1
2013,OKC,Jeremy Lamb,1
2013,IND,George Hill,1
2013,IND,Miles Plumlee,1
2013,MEM,Austin Daye,1
2013,MEM,Jon Leuer,1
2013,POR,Wes Matthews Jr.,1
2013,HOU,Carlos Delfino,1
2013,GSW,David Lee,1
2013,MIA,James Jones,1
2013,MIA,Juwan Howard,1
2013,SAS,Patty Mills,1
2013,GSW,Festus Ezeli,1
2013,BRK,Brook Lopez,1
2013,DAL,Shane Larkin,1
2013,DAL,Shane Larkin,1
2013,IND,Chris Copeland,1
2013,NOP,Darius Miller,1
2013,WAS,Chris Singleton,1
2013,WAS,Emeka Okafor,1
2013,WAS,Chris Singleton,1
2013,OKC,Russell Westbrook,1
2013,POR,C.J. McCollum,1
2013,ATL,Gustavo Ayon,1
2013,DAL,Brandan Wright,1
2013,DET,Rodney Stuckey,1
2013,MIL,Ekpe Udoh,1
2013,DET,Rodney Stuckey,1
2013,DET,Brandon Jennings,1
2013,IND,Danny Granger,1
2013,MIL,Carlos Delfino,1
2013,CLE,Carrick Felix,1
2013,BOS,Rajon Rondo,1
2013,ATL,Lou Williams,1
2013,MIA,Greg Oden,1
2013,MIA,Roger Mason Jr.,1
2013,IND,Danny Granger,1
2013,GSW,Festus Ezeli,1
2013,GSW,Harrison Barnes,1
2013,WAS,Otto Porter Jr.,1
2013,POR,C.J. McCollum,1
2013,POR,Earl Watson,1
2013,MIL,Carlos Delfino,1
2013,MIL,Ekpe Udoh,1
2013,MIL,Luke Ridnour,1
2013,CLE,Carrick Felix,1
2013,CLE,Sergey Karasev,1
2013,BOS,Rajon Rondo,1
2013,ATL,Gustavo Ayon,1
2013,ATL,Gustavo Ayon,1
2013,ATL,Lou Williams,1
2013,MIA,Dwyane Wade,1
2013,DAL,Brandan Wright,1
2013,DAL,Devin Harris,1
2013,DAL,Shane Larkin,1
2013,BRK,Andrei Kirilenko,1
2013,NOP,Darius Miller,1
2013,NOP,Ryan Anderson,1
2013,DET,Brandon Jennings,1
2013,DET,Rodney Stuckey,1
2013,TOR,Aaron Gray,1
2013,TOR,Quincy Acy,1
2013,HOU,Greg Smith,1
2013,HOU,Isaiah Canaan,1
2013,HOU,Robert Covington,1
2013,HOU,Terrence Jones,1
2013,SAS,Nando De Colo,1
2013,OKC,Russell Westbrook,1
2013,GSW,Festus Ezeli,1
2013,GSW,Harrison Barnes,1
2013,WAS,Chris Singleton,1
2013,GSW,Harrison Barnes,1
2013,POR,Victor Claver,1
2013,MIL,Brandon Knight,1
2013,MIL,Luke Ridnour,1
2013,ATL,Gustavo Ayon,1
2013,MIA,Roger Mason Jr.,1
2013,BRK,Tornike Shengelia,1
2013,BRK,Tyshawn Taylor,1
2013,IND,George Hill,1
2013,DET,Charlie Villanueva,1
2013,TOR,Quincy Acy,1
2013,TOR,Steve Novak,1
2013,HOU,Omri Casspi,1
2013,HOU,Patrick Beverley,1
2013,SAS,Nando De Colo,1
2013,SAS,Tim Duncan,1
2013,GSW,Jermaine O'Neal,1
2013,WAS,Nene Hilario,1
2013,ATL,Gustavo Ayon,1
2013,DET,Josh Harrellson,1
2013,OKC,Ryan Gomes,1
2013,WAS,Nene Hilario,1
2013,CLE,Matthew Dellavedova,1
2013,GSW,Harrison Barnes,1
2013,POR,Joel Freeland,1
2013,ATL,Gustavo Ayon,1
2013,IND,George Hill,1
2013,DET,Peyton Siva,1
2013,TOR,Dwight Buycks,1
2013,MIL,Brandon Knight,1
2013,MIL,Ersan Ilyasova,1
2013,MIL,Larry Sanders,1
2013,MIL,Luke Ridnour,1
2013,CLE,Henry Sims,1
2013,IND,George Hill,1
2013,TOR,Quincy Acy,1
2013,SAS,Matt Bonner,1
2013,WAS,Trevor Booker,1
2013,ATL,Gustavo Ayon,1
2013,MIA,Roger Mason Jr.,1
2013,POR,Victor Claver,1
2013,TOR,Austin Daye,1
2013,GSW,Stephen Curry,1
2013,WAS,Trevor Booker,1
2013,MIL,Ersan Ilyasova,1
2013,MIL,Larry Sanders,1
2013,CLE,Andrew Bynum,1
2013,MEM,Jerryd Bayless,1
2013,ATL,Jared Cunningham,1
2013,MIA,Udonis Haslem,1
2013,DAL,Wayne Ellington,1
2013,BRK,Andrei Kirilenko,1
2013,TOR,Aaron Gray,1
2013,OKC,Nick Collison,1
2013,WAS,Trevor Booker,1
2013,MIL,Larry Sanders,1
2013,CLE,Sergey Karasev,1
2013,MEM,Jerryd Bayless,1
2013,DET,Josh Harrellson,1
2013,TOR,Steve Novak,1
2013,HOU,Francisco Garcia,1
2013,HOU,Greg Smith,1
2013,SAS,Tim Duncan,1
2013,MIL,Ersan Ilyasova,1
2013,MIL,Larry Sanders,1
2013,MIA,Ray Allen,1
2013,DAL,Wayne Ellington,1
2013,GSW,Toney Douglas,1
2013,POR,Meyers Leonard,1
2013,MIL,Brandon Knight,1
2013,MIL,Ersan Ilyasova,1
2013,MIL,Gary Neal,1
2013,MIL,Larry Sanders,1
2013,MIL,Zaza Pachulia,1
2013,BOS,Jared Sullinger,1
2013,MEM,Quincy Pondexter,1
2013,BRK,Tornike Shengelia,1
2013,NOP,Greg Stiemsma,1
2013,TOR,Julyan Stone,1
2013,HOU,Greg Smith,1
2013,HOU,James Harden,1
2013,MIL,Caron Butler,1
2013,MIL,Ersan Ilyasova,1
2013,MIL,Larry Sanders,1
2013,CHI,Derrick Rose,1
2013,CLE,Dion Waiters,1
2013,ATL,John Jenkins,1
2013,MIA,Udonis Haslem,1
2013,DAL,Wayne Ellington,1
2013,DET,Chauncey Billups,1
2013,TOR,Aaron Gray,1
2013,HOU,Greg Smith,1
2013,SAS,Nando De Colo,1
2013,MIL,Caron Butler,1
2013,MIL,Ersan Ilyasova,1
2013,CLE,Carrick Felix,1
2013,BOS,Courtney Lee,1
2013,BOS,Keith Bogans,1
2013,ATL,Lou Williams,1
2013,MIA,Udonis Haslem,1
2013,DAL,Wayne Ellington,1
2013,BRK,Brook Lopez,1
2013,BRK,Deron Williams,1
2013,BRK,Kevin Garnett,1
2013,BRK,Paul Pierce,1
2013,NOP,Greg Stiemsma,1
2013,HOU,Omer Asik,1
2013,OKC,Thabo Sefolosha,1
2013,WAS,Al Harrington,1
2013,WAS,Trevor Ariza,1
2013,CLE,Will Bynum,1
2013,TOR,Julyan Stone,1
2013,DAL,Wayne Ellington,1
2013,BRK,Brook Lopez,1
2013,BRK,Deron Williams,1
2013,OKC,Ryan Gomes,1
2013,GSW,Jermaine O'Neal,1
2013,ATL,Paul Millsap,1
2013,MIA,Dwyane Wade,1
2013,HOU,Greg Smith,1
2013,HOU,Ronnie Brewer,1
2013,WAS,Al Harrington,1
2013,WAS,Trevor Ariza,1
2013,CLE,Tyler Zeller,1
2013,BOS,Keith Bogans,1
2013,ATL,John Jenkins,1
2013,DAL,Wayne Ellington,1
2013,DET,Charlie Villanueva,1
2013,TOR,Aaron Gray,1
2013,TOR,Quincy Acy,1
2013,HOU,Greg Smith,1
2013,HOU,Ronnie Brewer,1
2013,GSW,Stephen Curry,1
2013,WAS,Trevor Ariza,1
2013,CHI,Jimmy Butler,1
2013,POR,Victor Claver,1
2013,MIL,Brandon Knight,1
2013,CLE,C.J. Miles,1
2013,CLE,Henry Sims,1
2013,BOS,Keith Bogans,1
2013,ATL,Lou Williams,1
2013,BRK,Deron Williams,1
2013,BRK,Jason Terry,1
2013,IND,C.J. Watson,1
2013,DET,Charlie Villanueva,1
2013,TOR,Quincy Acy,1
2013,GSW,Ognen Kuzmic,1
2013,WAS,Trevor Ariza,1
2013,CHI,Derrick Rose,1
2013,BOS,Keith Bogans,1
2013,BOS,Kelly Olynyk,1
2013,MEM,Marc Gasol,1
2013,ATL,Elton Brand,1
2013,MIA,Roger Mason Jr.,1
2013,HOU,Greg Smith,1
2013,HOU,James Harden,1
2013,HOU,Ronnie Brewer,1
2013,SAS,Boris Diaw,1
2013,GSW,Andre Iguodala,1
2013,WAS,Al Harrington,1
2013,WAS,Trevor Ariza,1
2013,CHI,Derrick Rose,1
2013,BRK,Deron Williams,1
2013,OKC,Russell Westbrook,1
2013,CHI,Derrick Rose,1
2013,BOS,Keith Bogans,1
2013,BOS,Kelly Olynyk,1
2013,MEM,Marc Gasol,1
2013,MIA,Mario Chalmers,1
2013,DET,Peyton Siva,1
2013,HOU,Greg Smith,1
2013,HOU,James Harden,1
2013,HOU,Ronnie Brewer,1
2013,SAS,Aron Baynes,1
2013,BRK,Deron Williams,1
2013,BRK,Jason Terry,1
2013,TOR,Austin Daye,1
2013,GSW,Ognen Kuzmic,1
2013,WAS,Al Harrington,1
2013,WAS,Bradley Beal,1
2013,MIL,Nate Wolters,1
2013,CLE,Tyler Zeller,1
2013,BOS,Kelly Olynyk,1
2013,ATL,Kyle Korver,1
2013,ATL,Lou Williams,1
2013,ATL,Shelvin Mack,1
2013,MIA,Shane Battier,1
2013,BRK,Deron Williams,1
2013,HOU,Greg Smith,1
2013,HOU,James Harden,1
2013,SAS,Nando De Colo,1
2013,OKC,Ryan Gomes,1
2013,MIL,Caron Butler,1
2013,CLE,Will Bynum,1
2013,BOS,Courtney Lee,1
2013,BOS,Kelly Olynyk,1
2013,ATL,Kyle Korver,1
2013,MIA,Roger Mason Jr.,1
2013,BRK,Deron Williams,1
2013,BRK,Jason Terry,1
2013,BRK,Kevin Garnett,1
2013,NOP,Jeff Withey,1
2013,TOR,Aaron Gray,1
2013,HOU,Greg Smith,1
2013,HOU,Jeremy Lin,1
2013,SAS,Tony Parker,1
2013,WAS,Nene Hilario,1
2013,MIL,Caron Butler,1
2013,MIL,Ersan Ilyasova,1
2013,CLE,Carrick Felix,1
2013,CLE,Earl Clark,1
2013,BOS,Courtney Lee,1
2013,BOS,Kelly Olynyk,1
2013,MEM,Zach Randolph,1
2013,ATL,Lou Williams,1
2013,DAL,Jose Calderon,1
2013,BRK,Deron Williams,1
2013,BRK,Paul Pierce,1
2013,HOU,Greg Smith,1
2013,HOU,Jeremy Lin,1
2013,SAS,Nando De Colo,1
2013,WAS,Al Harrington,1
2013,NOP,Anthony Davis,1
2013,NOP,Anthony Davis,1
2013,HOU,Chandler Parsons,1
2013,HOU,Greg Smith,1
2013,HOU,Jeremy Lin,1
2013,MIL,Caron Butler,1
2013,BOS,Kelly Olynyk,1
2013,MEM,Zach Randolph,1
2013,MIA,Dwyane Wade,1
2013,MIA,Dwyane Wade,1
2013,BRK,Deron Williams,1
2013,BRK,Paul Pierce,1
2013,TOR,Dwight Buycks,1
2013,OKC,Andre Roberson,1
2013,MIL,Caron Butler,1
2013,CLE,Henry Sims,1
2013,HOU,Chandler Parsons,1
2013,HOU,Greg Smith,1
2013,HOU,Jeremy Lin,1
2013,HOU,Omer Asik,1
2013,ATL,Dennis Schroder,1
2013,CHI,Mike James,1
2013,MEM,Tony Allen,1
2013,BRK,Deron Williams,1
2013,BRK,Paul Pierce,1
2013,MIL,Caron Butler,1
2013,MIL,Zaza Pachulia,1
2013,BOS,Kelly Olynyk,1
2013,TOR,Aaron Gray,1
2013,HOU,Greg Smith,1
2013,HOU,Jeremy Lin,1
2013,HOU,Omer Asik,1
2013,WAS,Al Harrington,1
2013,WAS,Kevin Seraphin,1
2013,ATL,John Jenkins,1
2013,MIL,Caron Butler,1
2013,MIL,Zaza Pachulia,1
2013,CHI,Luol Deng,1
2013,CHI,Mike James,1
2013,MEM,Ed Davis,1
2013,MEM,Tony Allen,1
2013,MIA,Michael Beasley,1
2013,BRK,Deron Williams,1
2013,BRK,Paul Pierce,1
2013,SAS,Malcolm Thomas,1
2013,BOS,Kelly Olynyk,1
2013,MIA,Dwyane Wade,1
2013,DET,Rodney Stuckey,1
2013,TOR,Quincy Acy,1
2013,TOR,Rudy Gay,1
2013,TOR,Tyler Hansbrough,1
2013,HOU,Greg Smith,1
2013,HOU,Jeremy Lin,1
2013,HOU,Omer Asik,1
2013,MIL,Zaza Pachulia,1
2013,MEM,Ed Davis,1
2013,MEM,Quincy Pondexter,1
2013,MEM,Tony Allen,1
2013,NOP,Tyreke Evans,1
2013,WAS,Al Harrington,1
2013,WAS,Martell Webster,1
2013,WAS,Nene Hilario,1
2013,MIL,Caron Butler,1
2013,MIL,Gary Neal,1
2013,MIL,Zaza Pachulia,1
2013,CHI,Joakim Noah,1
2013,CHI,Luol Deng,1
2013,BOS,Kelly Olynyk,1
2013,ATL,Gustavo Ayon,1
2013,MIA,Michael Beasley,1
2013,DET,Rodney Stuckey,1
2013,SAS,Tiago Splitter,1
2013,OKC,Thabo Sefolosha,1
2013,MIL,Caron Butler,1
2013,MIL,Gary Neal,1
2013,MIL,Zaza Pachulia,1
2013,CHI,Luol Deng,1
2013,BOS,Kelly Olynyk,1
2013,BOS,Kris Humphries,1
2013,MEM,Ed Davis,1
2013,MEM,Quincy Pondexter,1
2013,MEM,Tony Allen,1
2013,DET,Chauncey Billups,1
2013,GSW,Jermaine O'Neal,1
2013,HOU,Greg Smith,1
2013,HOU,Omer Asik,1
2013,MIL,Caron Butler,1
2013,MIL,Zaza Pachulia,1
2013,CHI,Luol Deng,1
2013,CHI,Mike James,1
2013,BOS,Kris Humphries,1
2013,MEM,Quincy Pondexter,1
2013,ATL,Gustavo Ayon,1
2013,BRK,Brook Lopez,1
2013,DET,Peyton Siva,1
2013,TOR,Austin Daye,1
2013,TOR,Chuck Hayes,1
2013,TOR,Landry Fields,1
2013,HOU,Greg Smith,1
2013,SAS,Aron Baynes,1
2013,WAS,Nene Hilario,1
2013,GSW,Jermaine O'Neal,1
2013,GSW,Jermaine O'Neal,1
2013,MIL,Carlos Delfino,1
2013,MIL,Caron Butler,1
2013,MIL,Zaza Pachulia,1
2013,CHI,Kirk Hinrich,1
2013,CLE,Tyler Zeller,1
2013,DAL,Dirk Nowitzki,1
2013,TOR,Julyan Stone,1
2013,SAS,Malcolm Thomas,1
2013,WAS,Nene Hilario,1
2013,MEM,Quincy Pondexter,1
2013,NOP,Tyreke Evans,1
2013,DET,Tony Mitchell,1
2013,HOU,Jeremy Lin,1
2013,HOU,Omer Asik,1
2013,OKC,Ryan Gomes,1
2013,CHI,Kirk Hinrich,1
2013,BRK,Brook Lopez,1
2013,DET,Chauncey Billups,1
2013,SAS,Nando De Colo,1
2013,WAS,Nene Hilario,1
2013,ATL,Jared Cunningham,1
2013,CLE,Henry Sims,1
2013,MEM,Mike Conley Jr.,1
2013,MEM,Quincy Pondexter,1
2013,NOP,Tyreke Evans,1
2013,MIL,Caron Butler,1
2013,MIL,Gary Neal,1
2013,MIL,Zaza Pachulia,1
2013,CHI,Kirk Hinrich,1
2013,MEM,Mike Conley Jr.,1
2013,MEM,Tayshaun Prince,1
2013,ATL,Cartier Martin,1
2013,DET,Rodney Stuckey,1
2013,TOR,Austin Daye,1
2013,TOR,Dwight Buycks,1
2013,HOU,Jeremy Lin,1
2013,SAS,Tony Parker,1
2013,WAS,Glen Rice Jr.,1
2013,WAS,Glen Rice Jr.,1
2013,CHI,Kirk Hinrich,1
2013,CHI,Luol Deng,1
2013,SAS,Manu Ginobili,1
2013,SAS,Tim Duncan,1
2013,MIL,Caron Butler,1
2013,MIL,Ersan Ilyasova,1
2013,MIL,Gary Neal,1
2013,MIL,Zaza Pachulia,1
2013,CLE,Anthony Bennett,1
2013,CLE,Anthony Bennett,1
2013,CLE,Dion Waiters,1
2013,CLE,Dion Waiters,1
2013,CLE,Tyler Zeller,1
2013,ATL,Cartier Martin,1
2013,BRK,Kevin Garnett,1
2013,IND,Solomon Hill,1
2013,TOR,Julyan Stone,1
2013,HOU,Jeremy Lin,1
2013,HOU,Omer Asik,1
2013,MIL,Ersan Ilyasova,1
2013,MIL,Gary Neal,1
2013,MIL,John Henson,1
2013,MIL,Zaza Pachulia,1
2013,CHI,Jimmy Butler,1
2013,CHI,Kirk Hinrich,1
2013,CHI,Luol Deng,1
2013,MEM,Tayshaun Prince,1
2013,BRK,Brook Lopez,1
2013,NOP,Jason Smith,1
2013,NOP,Jason Smith,1
2013,DET,Chauncey Billups,1
2013,HOU,James Harden,1
2013,HOU,Jeremy Lin,1
2013,HOU,Omer Asik,1
2013,HOU,Patrick Beverley,1
2013,SAS,Kawhi Leonard,1
2013,SAS,Malcolm Thomas,1
2013,SAS,Nando De Colo,1
2013,MIL,Ersan Ilyasova,1
2013,MIL,Gary Neal,1
2013,CLE,Henry Sims,1
2013,MEM,Tayshaun Prince,1
2013,ATL,Cartier Martin,1
2013,MIA,Dwyane Wade,1
2013,BRK,Brook Lopez,1
2013,DET,Tony Mitchell,1
2013,HOU,Greg Smith,1
2013,HOU,James Harden,1
2013,HOU,Omer Asik,1
2013,HOU,Patrick Beverley,1
2013,SAS,Cory Joseph,1
2013,CHI,Luol Deng,1
2013,MIA,Roger Mason Jr.,1
2013,HOU,Greg Smith,1
2013,HOU,Omer Asik,1
2013,SAS,Nando De Colo,1
2013,CLE,Carrick Felix,1
2013,ATL,John Jenkins,1
2013,DAL,Brandan Wright,1
2013,HOU,Greg Smith,1
2013,HOU,Omer Asik,1
2013,MIL,Gary Neal,1
2013,MIL,Zaza Pachulia,1
2013,ATL,Al Horford,1
2013,MIA,Chris Andersen,1
2013,MIA,Dwyane Wade,1
2013,MIA,Ray Allen,1
2013,DAL,Wayne Ellington,1
2013,NOP,Eric Gordon,1
2013,WAS,Kevin Seraphin,1
2013,OKC,Russell Westbrook,1
2013,NOP,Jason Smith,1
2013,OKC,Russell Westbrook,1
2013,MIL,Gary Neal,1
2013,MIL,John Henson,1
2013,CHI,Luol Deng,1
2013,CLE,Sergey Karasev,1
2013,ATL,Al Horford,1
2013,MIA,LeBron James,1
2013,DAL,Wayne Ellington,1
2013,BRK,Tyshawn Taylor,1
2013,HOU,Greg Smith,1
2013,HOU,Omer Asik,1
2013,WAS,Kevin Seraphin,1
2013,ATL,DeMarre Carroll,1
2013,HOU,Greg Smith,1
2013,HOU,Omer Asik,1
2013,GSW,Nemanja Nedovic,1
2013,GSW,Toney Douglas,1
2013,CHI,Luol Deng,1
2013,MIA,Chris Andersen,1
2013,DAL,Wayne Ellington,1
2013,NOP,Jason Smith,1
2013,DET,Rodney Stuckey,1
2013,MIL,John Henson,1
2013,CLE,Carrick Felix,1
2013,ATL,Al Horford,1
2013,ATL,DeMarre Carroll,1
2013,BRK,Tyshawn Taylor,1
2013,HOU,Greg Smith,1
2013,HOU,Omer Asik,1
2014,DAL,Wayne Ellington,1
2014,MIL,John Henson,1
2014,CLE,Kyrie Irving,1
2014,CLE,Kyrie Irving,1
2014,MIA,James Jones,1
2014,BRK,Tyshawn Taylor,1
2014,BOS,MarShon Brooks,1
2014,ATL,Jared Cunningham,1
2014,DAL,Wayne Ellington,1
2014,TOR,Tyler Hansbrough,1
2014,HOU,Omer Asik,1
2014,TOR,Dwight Buycks,1
2014,MIL,John Henson,1
2014,CHI,Carlos Boozer,1
2014,MIA,Shane Battier,1
2014,BRK,Brook Lopez,1
2014,BRK,Kevin Garnett,1
2014,NOP,Ryan Anderson,1
2014,SAS,Boris Diaw,1
2014,CLE,Jarrett Jack,1
2014,MEM,Tony Allen,1
2014,DET,Rodney Stuckey,1
2014,BRK,Deron Williams,1
2014,BRK,Tornike Shengelia,1
2014,POR,Allen Crabbe,1
2014,MIL,John Henson,1
2014,CHI,Carlos Boozer,1
2014,CLE,Jarrett Jack,1
2014,BOS,Kris Humphries,1
2014,MEM,Tony Allen,1
2014,MIA,Mario Chalmers,1
2014,DET,Rodney Stuckey,1
2014,SAS,Nando De Colo,1
2014,SAS,Tiago Splitter,1
2014,OKC,Serge Ibaka,1
2014,DAL,Shawn Marion,1
2014,BRK,Deron Williams,1
2014,IND,Lance Stephenson,1
2014,HOU,Chandler Parsons,1
2014,HOU,Greg Smith,1
2014,HOU,Omer Asik,1
2014,SAS,Manu Ginobili,1
2014,SAS,Tiago Splitter,1
2014,MIA,Mario Chalmers,1
2014,MIL,John Henson,1
2014,CLE,Carrick Felix,1
2014,CLE,Henry Sims,1
2014,MEM,Tony Allen,1
2014,MIA,Dwyane Wade,1
2014,MIA,Mario Chalmers,1
2014,DAL,Wayne Ellington,1
2014,BRK,Deron Williams,1
2014,IND,Solomon Hill,1
2014,NOP,Jrue Holiday,1
2014,HOU,Chandler Parsons,1
2014,HOU,Omer Asik,1
2014,MIL,John Henson,1
2014,CHI,Jimmy Butler,1
2014,DAL,Wayne Ellington,1
2014,BRK,Deron Williams,1
2014,BRK,Kevin Garnett,1
2014,NOP,Jrue Holiday,1
2014,NOP,Tyreke Evans,1
2014,HOU,Chandler Parsons,1
2014,HOU,Omer Asik,1
2014,OKC,Andre Roberson,1
2014,MEM,Tony Allen,1
2014,ATL,Pero Antic,1
2014,SAS,Manu Ginobili,1
2014,SAS,Tiago Splitter,1
2014,DAL,Shane Larkin,1
2014,NOP,Jrue Holiday,1
2014,NOP,Tyreke Evans,1
2014,HOU,Omer Asik,1
2014,SAS,Danny Green,1
2014,DAL,Shawn Marion,1
2014,MEM,Tony Allen,1
2014,CLE,Sergey Karasev,1
2014,MEM,Tony Allen,1
2014,MIA,Chris Andersen,1
2014,MIA,Mario Chalmers,1
2014,DAL,Gal Mekel,1
2014,NOP,Jrue Holiday,1
2014,NOP,Tyreke Evans,1
2014,TOR,Austin Daye,1
2014,HOU,Aaron Brooks,1
2014,HOU,Omer Asik,1
2014,SAS,Danny Green,1
2014,HOU,Greg Smith,1
2014,HOU,Omer Asik,1
2014,MEM,Tony Allen,1
2014,MIA,Greg Oden,1
2014,MIA,Toney Douglas,1
2014,DAL,Gal Mekel,1
2014,OKC,Andre Roberson,1
2014,MIA,Dwyane Wade,1
2014,NOP,Jason Smith,1
2014,NOP,Jrue Holiday,1
2014,DET,Chauncey Billups,1
2014,HOU,Francisco Garcia,1
2014,HOU,Greg Smith,1
2014,HOU,Omer Asik,1
2014,DAL,Ricky Ledo,1
2014,MIL,Caron Butler,1
2014,TOR,Austin Daye,1
2014,SAS,Tony Parker,1
2014,SAS,Matt Bonner,1
2014,TOR,John Salmons,1
2014,MEM,Tony Allen,1
2014,MIA,Dwyane Wade,1
2014,BRK,Tornike Shengelia,1
2014,NOP,Anthony Morrow,1
2014,NOP,Jason Smith,1
2014,NOP,Jrue Holiday,1
2014,HOU,Greg Smith,1
2014,HOU,Omer Asik,1
2014,HOU,Terrence Jones,1
2014,WAS,Trevor Booker,1
2014,BOS,Jerryd Bayless,1
2014,NOP,Anthony Morrow,1
2014,NOP,Jason Smith,1
2014,NOP,Jrue Holiday,1
2014,MIL,Larry Sanders,1
2014,MIL,O.J. Mayo,1
2014,CHI,Carlos Boozer,1
2014,CHI,Kirk Hinrich,1
2014,BOS,Avery Bradley,1
2014,BOS,Jerryd Bayless,1
2014,BOS,Rajon Rondo,1
2014,DAL,Dirk Nowitzki,1
2014,IND,Orlando Johnson,1
2014,TOR,Landry Fields,1
2014,HOU,Greg Smith,1
2014,HOU,Isaiah Canaan,1
2014,HOU,Ronnie Brewer,1
2014,HOU,Terrence Jones,1
2014,SAS,Kawhi Leonard,1
2014,HOU,Francisco Garcia,1
2014,ATL,Pero Antic,1
2014,BOS,Avery Bradley,1
2014,MEM,Tony Allen,1
2014,ATL,DeMarre Carroll,1
2014,ATL,Pero Antic,1
2014,DAL,Ricky Ledo,1
2014,IND,Solomon Hill,1
2014,NOP,Jason Smith,1
2014,NOP,Jrue Holiday,1
2014,NOP,Tyreke Evans,1
2014,HOU,Francisco Garcia,1
2014,HOU,Greg Smith,1
2014,HOU,Ronnie Brewer,1
2014,SAS,Kawhi Leonard,1
2014,OKC,Kevin Durant,1
2014,WAS,Martell Webster,1
2014,MIL,Ekpe Udoh,1
2014,MEM,Tony Allen,1
2014,ATL,Jeff Teague,1
2014,ATL,Pero Antic,1
2014,HOU,Francisco Garcia,1
2014,HOU,Greg Smith,1
2014,HOU,Ronnie Brewer,1
2014,MIL,Carlos Delfino,1
2014,MIA,James Jones,1
2014,NOP,Jason Smith,1
2014,NOP,Jrue Holiday,1
2014,MIL,Ekpe Udoh,1
2014,MIL,Larry Sanders,1
2014,MIL,O.J. Mayo,1
2014,CHI,Joakim Noah,1
2014,ATL,Jeff Teague,1
2014,TOR,DeMar DeRozan,1
2014,OKC,Andre Roberson,1
2014,CLE,Anderson Varejao,1
2014,MEM,Tony Allen,1
2014,NOP,Jrue Holiday,1
2014,DET,Charlie Villanueva,1
2014,HOU,Francisco Garcia,1
2014,HOU,Greg Smith,1
2014,HOU,James Harden,1
2014,HOU,Ronnie Brewer,1
2014,MIL,Ekpe Udoh,1
2014,MIL,O.J. Mayo,1
2014,BOS,Rajon Rondo,1
2014,MEM,Tony Allen,1
2014,MIA,Roger Mason Jr.,1
2014,NOP,Anthony Davis,1
2014,NOP,Jason Smith,1
2014,NOP,Jrue Holiday,1
2014,TOR,DeMar DeRozan,1
2014,TOR,Patrick Patterson,1
2014,HOU,Francisco Garcia,1
2014,HOU,Greg Smith,1
2014,HOU,James Harden,1
2014,SAS,Manu Ginobili,1
2014,MIL,Ekpe Udoh,1
2014,MIL,John Henson,1
2014,MIL,O.J. Mayo,1
2014,MEM,Tony Allen,1
2014,DAL,Shawn Marion,1
2014,BRK,Andrei Kirilenko,1
2014,TOR,Dwight Buycks,1
2014,GSW,David Lee,1
2014,MIL,Ekpe Udoh,1
2014,MIL,John Henson,1
2014,MIL,O.J. Mayo,1
2014,CLE,Sergey Karasev,1
2014,MEM,Mike Conley Jr.,1
2014,MEM,Tony Allen,1
2014,BRK,Andray Blatche,1
2014,BRK,Andrei Kirilenko,1
2014,NOP,Jason Smith,1
2014,NOP,Jrue Holiday,1
2014,DET,Tony Mitchell,1
2014,TOR,Greivis Vasquez,1
2014,HOU,Francisco Garcia,1
2014,HOU,Greg Smith,1
2014,CLE,Anderson Varejao,1
2014,MIL,Ekpe Udoh,1
2014,MIL,O.J. Mayo,1
2014,MEM,Tony Allen,1
2014,DAL,Ricky Ledo,1
2014,BRK,Andray Blatche,1
2014,BRK,Andrei Kirilenko,1
2014,BRK,Joe Johnson,1
2014,NOP,Jason Smith,1
2014,NOP,Jrue Holiday,1
2014,DET,Chauncey Billups,1
2014,DET,Josh Harrellson,1
2014,TOR,Austin Daye,1
2014,ATL,John Jenkins,1
2014,ATL,John Jenkins,1
2014,GSW,Ognen Kuzmic,1
2014,MIL,Caron Butler,1
2014,MIL,Ekpe Udoh,1
2014,MIL,O.J. Mayo,1
2014,BOS,Vitor Faverani,1
2014,MEM,Tony Allen,1
2014,NOP,Jason Smith,1
2014,NOP,Jrue Holiday,1
2014,NOP,Tyreke Evans,1
2014,DET,Chauncey Billups,1
2014,TOR,Dwight Buycks,1
2014,HOU,Francisco Garcia,1
2014,HOU,Greg Smith,1
2014,WAS,Glen Rice Jr.,1
2014,CHI,Carlos Boozer,1
2014,SAS,Tony Parker,1
2014,SAS,Boris Diaw,1
2014,SAS,Tim Duncan,1
2014,GSW,Andrew Bogut,1
2014,GSW,David Lee,1
2014,GSW,Nemanja Nedovic,1
2014,CLE,Luol Deng,1
2014,BOS,Avery Bradley,1
2014,BOS,Rajon Rondo,1
2014,BRK,Kevin Garnett,1
2014,IND,Lance Stephenson,1
2014,IND,Orlando Johnson,1
2014,NOP,Jason Smith,1
2014,DET,Josh Harrellson,1
2014,OKC,Andre Roberson,1
2014,MIL,Ekpe Udoh,1
2014,MIL,Ersan Ilyasova,1
2014,MIL,Luke Ridnour,1
2014,MIL,O.J. Mayo,1
2014,MEM,Tony Allen,1
2014,HOU,Francisco Garcia,1
2014,HOU,Greg Smith,1
2014,HOU,Robert Covington,1
2014,SAS,Marco Belinelli,1
2014,SAS,Tiago Splitter,1
2014,GSW,Nemanja Nedovic,1
2014,CHI,Carlos Boozer,1
2014,MEM,Tony Allen,1
2014,NOP,Jason Smith,1
2014,MIL,Ersan Ilyasova,1
2014,MIL,Larry Sanders,1
2014,MIL,O.J. Mayo,1
2014,BOS,Avery Bradley,1
2014,BOS,Rajon Rondo,1
2014,NOP,Jason Smith,1
2014,TOR,Amir Johnson,1
2014,HOU,Greg Smith,1
2014,SAS,Tiago Splitter,1
2014,GSW,Jermaine O'Neal,1
2014,GSW,Nemanja Nedovic,1
2014,MIL,John Henson,1
2014,CHI,Carlos Boozer,1
2014,CLE,Anderson Varejao,1
2014,CLE,C.J. Miles,1
2014,MEM,Tony Allen,1
2014,MIA,Dwyane Wade,1
2014,POR,Joel Freeland,1
2014,MIL,Ekpe Udoh,1
2014,MIL,Larry Sanders,1
2014,MIL,O.J. Mayo,1
2014,CLE,Anderson Varejao,1
2014,BOS,Avery Bradley,1
2014,MEM,Tony Allen,1
2014,ATL,DeMarre Carroll,1
2014,MIA,James Jones,1
2014,DAL,Devin Harris,1
2014,NOP,Jason Smith,1
2014,HOU,Patrick Beverley,1
2014,SAS,Tony Parker,1
2014,SAS,Tiago Splitter,1
2014,GSW,Nemanja Nedovic,1
2014,MIL,Larry Sanders,1
2014,MIL,Ekpe Udoh,1
2014,MIL,Larry Sanders,1
2014,MEM,Tony Allen,1
2014,ATL,DeMarre Carroll,1
2014,IND,Solomon Hill,1
2014,DET,Charlie Villanueva,1
2014,DET,Chauncey Billups,1
2014,TOR,Austin Daye,1
2014,TOR,Dwight Buycks,1
2014,SAS,Tony Parker,1
2014,SAS,Tiago Splitter,1
2014,CLE,Sergey Karasev,1
2014,CLE,Anderson Varejao,1
2014,POR,LaMarcus Aldridge,1
2014,POR,Meyers Leonard,1
2014,CLE,Dion Waiters,1
2014,BOS,Avery Bradley,1
2014,ATL,Gustavo Ayon,1
2014,NOP,Jason Smith,1
2014,DET,Chauncey Billups,1
2014,HOU,Robert Covington,1
2014,HOU,Ronnie Brewer,1
2014,SAS,Aron Baynes,1
2014,SAS,Tim Duncan,1
2014,GSW,Nemanja Nedovic,1
2014,MIL,Brandon Knight,1
2014,MIL,Ekpe Udoh,1
2014,HOU,Ronnie Brewer,1
2014,GSW,Nemanja Nedovic,1
2014,POR,LaMarcus Aldridge,1
2014,CLE,Anderson Varejao,1
2014,CLE,C.J. Miles,1
2014,CLE,Dion Waiters,1
2014,BOS,Vitor Faverani,1
2014,ATL,Gustavo Ayon,1
2014,ATL,Jeff Teague,1
2014,DET,Tony Mitchell,1
2014,OKC,Kendrick Perkins,1
2014,MIL,Caron Butler,1
2014,MIL,Ekpe Udoh,1
2014,BOS,Jared Sullinger,1
2014,BOS,Rajon Rondo,1
2014,BOS,Vitor Faverani,1
2014,ATL,Gustavo Ayon,1
2014,ATL,Paul Millsap,1
2014,BRK,Marcus Thornton,1
2014,NOP,Jason Smith,1
2014,GSW,David Lee,1
2014,GSW,Nemanja Nedovic,1
2014,POR,LaMarcus Aldridge,1
2014,CHI,Jimmy Butler,1
2014,CLE,Anderson Varejao,1
2014,CLE,C.J. Miles,1
2014,CLE,Dion Waiters,1
2014,MIA,LeBron James,1
2014,MIA,LeBron James,1
2014,BRK,Kevin Garnett,1
2014,BRK,Marcus Thornton,1
2014,BRK,Shaun Livingston,1
2014,TOR,Julyan Stone,1
2014,OKC,Kendrick Perkins,1
2014,MIL,Caron Butler,1
2014,MIL,Ekpe Udoh,1
2014,BOS,Jared Sullinger,1
2014,BOS,Vitor Faverani,1
2014,NOP,Jason Smith,1
2014,GSW,David Lee,1
2014,GSW,Nemanja Nedovic,1
2014,GSW,Ognen Kuzmic,1
2014,WAS,Nene Hilario,1
2014,POR,LaMarcus Aldridge,1
2014,CHI,Jimmy Butler,1
2014,CLE,C.J. Miles,1
2014,CLE,Dion Waiters,1
2014,ATL,Gustavo Ayon,1
2014,ATL,Paul Millsap,1
2014,HOU,Greg Smith,1
2014,WAS,Kevin Seraphin,1
2014,WAS,Nene Hilario,1
2014,POR,LaMarcus Aldridge,1
2014,POR,Thomas Robinson,1
2014,CLE,C.J. Miles,1
2014,CLE,Dion Waiters,1
2014,BOS,Jared Sullinger,1
2014,BOS,Kelly Olynyk,1
2014,BOS,Vitor Faverani,1
2014,ATL,Gustavo Ayon,1
2014,ATL,Paul Millsap,1
2014,NOP,Jason Smith,1
2014,HOU,Greg Smith,1
2014,GSW,Nemanja Nedovic,1
2014,MIL,Ekpe Udoh,1
2014,WAS,Glen Rice Jr.,1
2014,WAS,Kevin Seraphin,1
2014,CLE,Anthony Bennett,1
2014,CLE,Dion Waiters,1
2014,BOS,Gerald Wallace,1
2014,MEM,Jamaal Franklin,1
2014,ATL,Gustavo Ayon,1
2014,NOP,Jason Smith,1
2014,NOP,Jrue Holiday,1
2014,HOU,Greg Smith,1
2014,GSW,Nemanja Nedovic,1
2014,POR,Thomas Robinson,1
2014,MIL,Ekpe Udoh,1
2014,CLE,C.J. Miles,1
2014,CLE,Dion Waiters,1
2014,BOS,Gerald Wallace,1
2014,BOS,Kelly Olynyk,1
2014,BOS,Vitor Faverani,1
2014,MIA,DeAndre Liggins,1
2014,MIA,James Jones,1
2014,BRK,Kevin Garnett,1
2014,IND,George Hill,1
2014,NOP,Jason Smith,1
2014,DET,Josh Harrellson,1
2014,HOU,Chandler Parsons,1
2014,HOU,Greg Smith,1
2014,WAS,Kevin Seraphin,1
2014,ATL,Paul Millsap,1
2014,IND,George Hill,1
2014,TOR,Terrence Ross,1
2014,SAS,Austin Daye,1
2014,OKC,Thabo Sefolosha,1
2014,GSW,Nemanja Nedovic,1
2014,MIL,Ekpe Udoh,1
2014,MEM,James Johnson,1
2014,MIA,Dwyane Wade,1
2014,BRK,Kevin Garnett,1
2014,NOP,Jason Smith,1
2014,WAS,Kevin Seraphin,1
2014,WAS,Martell Webster,1
2014,CLE,C.J. Miles,1
2014,BOS,Gerald Wallace,1
2014,MIA,Greg Oden,1
2014,NOP,Jason Smith,1
2014,MIL,Ekpe Udoh,1
2014,BOS,Gerald Wallace,1
2014,BOS,Vitor Faverani,1
2014,MEM,Zach Randolph,1
2014,ATL,Paul Millsap,1
2014,BRK,Kevin Garnett,1
2014,IND,C.J. Watson,1
2014,DET,Peyton Siva,1
2014,HOU,Greg Smith,1
2014,WAS,Kevin Seraphin,1
2014,WAS,Martell Webster,1
2014,MIA,DeAndre Liggins,1
2014,SAS,Jeff Pendergraph,1
2014,POR,Allen Crabbe,1
2014,MIL,Ekpe Udoh,1
2014,CLE,C.J. Miles,1
2014,BOS,Gerald Wallace,1
2014,BOS,Vitor Faverani,1
2014,ATL,Gustavo Ayon,1
2014,BRK,Kevin Garnett,1
2014,IND,C.J. Watson,1
2014,NOP,Jason Smith,1
2014,DET,Peyton Siva,1
2014,TOR,Julyan Stone,1
2014,GSW,Nemanja Nedovic,1
2014,MIL,Ekpe Udoh,1
2014,CLE,C.J. Miles,1
2014,CLE,Sergey Karasev,1
2014,SAS,Austin Daye,1
2014,BOS,Gerald Wallace,1
2014,BOS,Vitor Faverani,1
2014,NOP,Jason Smith,1
2014,DET,Peyton Siva,1
2014,TOR,Patrick Patterson,1
2014,BOS,Avery Bradley,1
2014,MIL,Ekpe Udoh,1
2014,CLE,Anthony Bennett,1
2014,MIA,Greg Oden,1
2014,BRK,Andrei Kirilenko,1
2014,BRK,Kevin Garnett,1
2014,MIL,Ersan Ilyasova,1
2014,BOS,Avery Bradley,1
2014,BOS,Vitor Faverani,1
2014,DAL,Jae Crowder,1
2014,IND,Ian Mahinmi,1
2014,DET,Peyton Siva,1
2014,POR,Mo Williams,1
2014,CLE,Anthony Bennett,1
2014,CLE,C.J. Miles,1
2014,BOS,Avery Bradley,1
2014,BOS,Rajon Rondo,1
2014,BOS,Vitor Faverani,1
2014,BRK,Kevin Garnett,1
2014,NOP,Eric Gordon,1
2014,NOP,Tyreke Evans,1
2014,DET,Peyton Siva,1
2014,POR,LaMarcus Aldridge,1
2014,POR,LaMarcus Aldridge,1
2014,POR,Mo Williams,1
2014,CLE,Anthony Bennett,1
2014,BOS,Vitor Faverani,1
2014,IND,Andrew Bynum,1
2014,NOP,Jason Smith,1
2014,TOR,Dwight Buycks,1
2014,MIA,Justin Hamilton,1
2014,BRK,Kevin Garnett,1
2014,IND,C.J. Watson,1
2014,DET,Peyton Siva,1
2014,POR,LaMarcus Aldridge,1
2014,MIL,Ersan Ilyasova,1
2014,CLE,Anthony Bennett,1
2014,BOS,Vitor Faverani,1
2014,DAL,Gal Mekel,1
2014,NOP,Jason Smith,1
2014,OKC,Russell Westbrook,1
2014,CHI,Tornike Shengelia,1
2014,CLE,Kyrie Irving,1
2014,BOS,Rajon Rondo,1
2014,BOS,Vitor Faverani,1
2014,IND,Andrew Bynum,1
2014,HOU,Dwight Howard,1
2014,HOU,Omri Casspi,1
2014,CLE,Kyrie Irving,1
2014,CLE,Luol Deng,1
2014,MIA,Dwyane Wade,1
2014,GSW,Andre Iguodala,1
2014,GSW,Andrew Bogut,1
2014,CHI,Tornike Shengelia,1
2014,BOS,Vitor Faverani,1
2014,MIA,Greg Oden,1
2014,MIA,LeBron James,1
2014,NOP,Anthony Davis,1
2014,NOP,Jason Smith,1
2014,DET,Andre Drummond,1
2014,DET,Peyton Siva,1
2014,TOR,Jonas Valanciunas,1
2014,CLE,C.J. Miles,1
2014,CLE,Luol Deng,1
2014,CLE,Sergey Karasev,1
2014,HOU,Dwight Howard,1
2014,OKC,Russell Westbrook,1
2014,GSW,Nemanja Nedovic,1
2014,WAS,Marcin Gortat,1
2014,CHI,Tornike Shengelia,1
2014,BOS,Vitor Faverani,1
2014,ATL,Kyle Korver,1
2014,MIA,Justin Hamilton,1
2014,DET,Peyton Siva,1
2014,TOR,Julyan Stone,1
2014,MIL,Nate Wolters,1
2014,CHI,Tornike Shengelia,1
2014,CLE,Anthony Bennett,1
2014,CLE,Luol Deng,1
2014,CLE,Sergey Karasev,1
2014,MIA,Dwyane Wade,1
2014,DAL,Gal Mekel,1
2014,NOP,Eric Gordon,1
2014,NOP,Jason Smith,1
2014,DET,Peyton Siva,1
2014,HOU,Dwight Howard,1
2014,SAS,Matt Bonner,1
2014,SAS,Tim Duncan,1
2014,MIL,Nate Wolters,1
2014,CLE,Anthony Bennett,1
2014,CLE,C.J. Miles,1
2014,CLE,Sergey Karasev,1
2014,ATL,Kyle Korver,1
2014,DAL,Gal Mekel,1
2014,MIL,Ersan Ilyasova,1
2014,MIL,Nate Wolters,1
2014,MEM,Tony Allen,1
2014,ATL,Kyle Korver,1
2014,MIA,Dwyane Wade,1
2014,BRK,Andrei Kirilenko,1
2014,NOP,Eric Gordon,1
2014,NOP,Jason Smith,1
2014,DET,Charlie Villanueva,1
2014,SAS,Tony Parker,1
2014,SAS,Danny Green,1
2014,SAS,Matt Bonner,1
2014,OKC,Russell Westbrook,1
2014,CLE,Anthony Bennett,1
2014,CLE,C.J. Miles,1
2014,CLE,Sergey Karasev,1
2014,DAL,Gal Mekel,1
2014,CLE,Anthony Bennett,1
2014,CLE,C.J. Miles,1
2014,CLE,Sergey Karasev,1
2014,BOS,Vitor Faverani,1
2014,ATL,Kyle Korver,1
2014,MIA,Ray Allen,1
2014,BRK,Andrei Kirilenko,1
2014,BRK,Marcus Thornton,1
2014,NOP,Austin Rivers,1
2014,NOP,Brian Roberts,1
2014,DET,Charlie Villanueva,1
2014,MIL,Ersan Ilyasova,1
2014,MIL,Nate Wolters,1
2014,MIL,O.J. Mayo,1
2014,ATL,Kyle Korver,1
2014,ATL,Pero Antic,1
2014,DAL,Gal Mekel,1
2014,CLE,C.J. Miles,1
2014,CLE,Sergey Karasev,1
2014,BOS,Vitor Faverani,1
2014,MIA,Greg Oden,1
2014,MIA,Mario Chalmers,1
2014,MIA,Ray Allen,1
2014,BRK,Andrei Kirilenko,1
2014,NOP,Brian Roberts,1
2014,NOP,Eric Gordon,1
2014,NOP,Jason Smith,1
2014,DET,Charlie Villanueva,1
2014,HOU,Patrick Beverley,1
2014,SAS,Danny Green,1
2014,OKC,Reggie Jackson,1
2014,GSW,David Lee,1
2014,GSW,Ognen Kuzmic,1
2014,MIA,Dwyane Wade,1
2014,MIL,Ersan Ilyasova,1
2014,MIL,Nate Wolters,1
2014,MIL,O.J. Mayo,1
2014,ATL,DeMarre Carroll,1
2014,ATL,Kyle Korver,1
2014,MIA,Dwyane Wade,1
2014,MIA,Mario Chalmers,1
2014,DAL,Gal Mekel,1
2014,NOP,Anthony Davis,1
2014,NOP,Eric Gordon,1
2014,NOP,Jason Smith,1
2014,DET,Charlie Villanueva,1
2014,HOU,Dwight Howard,1
2014,HOU,Patrick Beverley,1
2014,SAS,Danny Green,1
2014,CLE,Anthony Bennett,1
2014,CLE,C.J. Miles,1
2014,CLE,Sergey Karasev,1
2014,BOS,Vitor Faverani,1
2014,BRK,Andrei Kirilenko,1
2014,OKC,Reggie Jackson,1
2014,GSW,Andrew Bogut,1
2014,GSW,David Lee,1
2014,MIL,Ersan Ilyasova,1
2014,MIL,Nate Wolters,1
2014,BOS,Vitor Faverani,1
2014,MIA,Dwyane Wade,1
2014,NOP,Eric Gordon,1
2014,NOP,Jason Smith,1
2014,TOR,Dwight Buycks,1
2014,SAS,Aron Baynes,1
2014,DAL,Gal Mekel,1
2014,BRK,Andrei Kirilenko,1
2014,BRK,Marcus Thornton,1
2014,HOU,Dwight Howard,1
2014,HOU,Patrick Beverley,1
2014,HOU,Terrence Jones,1
2014,GSW,Andrew Bogut,1
2014,GSW,David Lee,1
2014,MIL,Ersan Ilyasova,1
2014,MIL,Nate Wolters,1
2014,MIL,O.J. Mayo,1
2014,CLE,Anderson Varejao,1
2014,CLE,Anthony Bennett,1
2014,CLE,C.J. Miles,1
2014,BOS,Avery Bradley,1
2014,BOS,Vitor Faverani,1
2014,MIA,Dwyane Wade,1
2014,BRK,Andrei Kirilenko,1
2014,IND,Solomon Hill,1
2014,NOP,Eric Gordon,1
2014,NOP,Jason Smith,1
2014,TOR,Kyle Lowry,1
2014,HOU,Dwight Howard,1
2014,HOU,Patrick Beverley,1
2014,SAS,Aron Baynes,1
2014,SAS,Austin Daye,1
2014,GSW,Andre Iguodala,1
2014,GSW,Andrew Bogut,1
2014,GSW,David Lee,1
2014,MIA,Ray Allen,1
2014,DAL,Gal Mekel,1
2014,SAS,Aron Baynes,1
2014,SAS,Austin Daye,1
2014,SAS,Manu Ginobili,1
2014,OKC,Reggie Williams,1
2014,MIL,Ekpe Udoh,1
2014,MIL,Ersan Ilyasova,1
2014,MIL,Nate Wolters,1
2014,MIL,O.J. Mayo,1
2014,CLE,C.J. Miles,1
2014,CLE,Sergey Karasev,1
2014,CLE,Will Bynum,1
2014,BOS,Avery Bradley,1
2014,BOS,Vitor Faverani,1
2014,MIA,Justin Hamilton,1
2014,DAL,Gal Mekel,1
2014,IND,Solomon Hill,1
2014,NOP,Eric Gordon,1
2014,NOP,Jason Smith,1
2014,TOR,Amir Johnson,1
2014,HOU,Dwight Howard,1
2014,HOU,Patrick Beverley,1
2014,OKC,Russell Westbrook,1
2014,OKC,Thabo Sefolosha,1
2014,GSW,Andrew Bogut,1
2014,GSW,David Lee,1
2014,MIL,Ekpe Udoh,1
2014,MIL,Ersan Ilyasova,1
2014,MIL,Miroslav Raduljica,1
2014,MIL,Nate Wolters,1
2014,MIL,O.J. Mayo,1
2014,CLE,Sergey Karasev,1
2014,BOS,Avery Bradley,1
2014,BOS,Kris Humphries,1
2014,BOS,Rajon Rondo,1
2014,BOS,Vitor Faverani,1
2014,BRK,Marquis Teague,1
2014,MEM,Tayshaun Prince,1
2014,ATL,Lou Williams,1
2014,MIA,Chris Andersen,1
2014,MIA,Justin Hamilton,1
2014,DAL,Gal Mekel,1
2014,IND,Solomon Hill,1
2014,NOP,Eric Gordon,1
2014,NOP,Jason Smith,1
2014,HOU,Dwight Howard,1
2014,HOU,Patrick Beverley,1
2014,SAS,Damion James,1
2014,OKC,Reggie Williams,1
2014,GSW,David Lee,1
2014,ATL,Lou Williams,1
2014,MIA,Udonis Haslem,1
2014,DAL,Gal Mekel,1
2014,BRK,Andray Blatche,1
2014,BRK,Kevin Garnett,1
2014,NOP,Ryan Anderson,1
2014,DET,Josh Smith,1
2014,HOU,Dwight Howard,1
2014,HOU,Patrick Beverley,1
2014,SAS,Tony Parker,1
2014,OKC,Russell Westbrook,1
2014,POR,Allen Crabbe,1
2014,POR,Mo Williams,1
2014,MIL,Ekpe Udoh,1
2014,MIL,Ersan Ilyasova,1
2014,MIL,Miroslav Raduljica,1
2014,MIL,Nate Wolters,1
2014,MIL,O.J. Mayo,1
2014,BOS,Kris Humphries,1
2014,BOS,Vitor Faverani,1
2014,ATL,Pero Antic,1
2014,MIA,Chris Andersen,1
2014,MIA,Udonis Haslem,1
2014,BRK,Andray Blatche,1
2014,BRK,Paul Pierce,1
2014,BRK,Shaun Livingston,1
2014,IND,David West,1
2014,IND,George Hill,1
2014,IND,Lance Stephenson,1
2014,IND,Paul George,1
2014,IND,Roy Hibbert,1
2014,NOP,Anthony Davis,1
2014,NOP,Eric Gordon,1
2014,NOP,Jason Smith,1
2014,DET,Josh Smith,1
2014,TOR,Julyan Stone,1
2014,HOU,Dwight Howard,1
2014,HOU,Patrick Beverley,1
2014,OKC,Andre Roberson,1
2014,OKC,Grant Jerrett,1
2014,WAS,Chris Singleton,1
2014,DAL,Gal Mekel,1
2014,SAS,Damion James,1
2014,GSW,David Lee,1
2014,MIL,Ekpe Udoh,1
2014,MIL,O.J. Mayo,1
2014,CLE,Luol Deng,1
2014,CLE,Scotty Hopson,1
2014,CLE,Sergey Karasev,1
2014,BOS,Rajon Rondo,1
2014,BOS,Vitor Faverani,1
2014,BRK,Alan Anderson,1
2014,BRK,Deron Williams,1
2014,BRK,Shaun Livingston,1
2014,IND,Solomon Hill,1
2014,NOP,Anthony Davis,1
2014,NOP,Eric Gordon,1
2014,NOP,Jason Smith,1
2014,DET,Josh Smith,1
2014,TOR,Dwight Buycks,1
2014,TOR,Landry Fields,1
2014,HOU,Dexter Pittman,1
2014,HOU,Patrick Beverley,1
2014,SAS,Manu Ginobili,1
2014,SAS,Matt Bonner,1
2014,SAS,Tim Duncan,1
2014,GSW,Andre Iguodala,1
2014,GSW,Jermaine O'Neal,1
2014,CLE,Anthony Bennett,1
2014,CLE,C.J. Miles,1
2014,MIL,Brandon Knight,1
2014,MIL,Ekpe Udoh,1
2014,MIL,O.J. Mayo,1
2014,CLE,Anthony Bennett,1
2014,CLE,C.J. Miles,1
2014,CLE,Luol Deng,1
2014,BOS,Jared Sullinger,1
2014,BOS,Jerryd Bayless,1
2014,BOS,Kris Humphries,1
2014,BOS,Rajon Rondo,1
2014,BOS,Vitor Faverani,1
2014,ATL,Pero Antic,1
2014,MIA,Justin Hamilton,1
2014,DAL,Gal Mekel,1
2014,NOP,Anthony Davis,1
2014,NOP,Brian Roberts,1
2014,NOP,Eric Gordon,1
2014,NOP,Jason Smith,1
2014,NOP,Tyreke Evans,1
2014,HOU,Chandler Parsons,1
2014,HOU,Francisco Garcia,1
2014,WAS,Nene Hilario,1
2014,POR,Victor Claver,1
2014,MEM,Jamaal Franklin,1
2014,BRK,Alan Anderson,1
2014,BRK,Shaun Livingston,1
2014,DET,Josh Smith,1
2014,TOR,Julyan Stone,1
2014,TOR,Landry Fields,1
2014,MIL,Ekpe Udoh,1
2014,MIL,O.J. Mayo,1
2014,BOS,Jared Sullinger,1
2014,BOS,Jerryd Bayless,1
2014,BOS,Kris Humphries,1
2014,BOS,Vitor Faverani,1
2014,MIA,Chris Bosh,1
2014,MIA,LeBron James,1
2014,NOP,Anthony Davis,1
2014,NOP,Brian Roberts,1
2014,NOP,Eric Gordon,1
2014,NOP,Jason Smith,1
2014,TOR,DeMar DeRozan,1
2014,TOR,Dwight Buycks,1
2014,TOR,Landry Fields,1
2014,SAS,Danny Green,1
2014,SAS,Kawhi Leonard,1
2014,SAS,Patty Mills,1
2014,OKC,Russell Westbrook,1
2014,GSW,Andre Iguodala,1
2014,GSW,Andrew Bogut,1
2014,WAS,Chris Singleton,1
2014,HOU,Isaiah Canaan,1
2014,HOU,Robert Covington,1
2014,BRK,Alan Anderson,1
2014,BRK,Shaun Livingston,1
2014,POR,LaMarcus Aldridge,1
2014,POR,Mo Williams,1
2014,MIL,Ekpe Udoh,1
2014,MIL,O.J. Mayo,1
2014,CLE,Anderson Varejao,1
2014,CLE,Luol Deng,1
2014,BOS,Jared Sullinger,1
2014,BOS,Jerryd Bayless,1
2014,BOS,Kris Humphries,1
2014,BOS,Vitor Faverani,1
2014,ATL,Paul Millsap,1
2014,MIA,Mario Chalmers,1
2014,DAL,Gal Mekel,1
2014,BRK,Alan Anderson,1
2014,BRK,Deron Williams,1
2014,BRK,Joe Johnson,1
2014,BRK,Kevin Garnett,1
2014,BRK,Paul Pierce,1
2014,BRK,Shaun Livingston,1
2014,IND,C.J. Watson,1
2014,NOP,Anthony Davis,1
2014,NOP,Eric Gordon,1
2014,NOP,Jason Smith,1
2014,DET,Josh Smith,1
2014,TOR,Julyan Stone,1
2014,TOR,Landry Fields,1
2014,HOU,Chandler Parsons,1
2014,HOU,Francisco Garcia,1
2014,HOU,James Harden,1
2014,HOU,Jeremy Lin,1
2014,SAS,Marco Belinelli,1
2014,SAS,Tim Duncan,1
2014,OKC,Andre Roberson,1
2014,GSW,Andrew Bogut,1
2014,GSW,David Lee,1
2014,GSW,Jermaine O'Neal,1
2014,GSW,Nemanja Nedovic,1
2014,GSW,Stephen Curry,1
2014,GSW,Andre Iguodala,1
2014,CLE,Will Bynum,1
2014,MEM,Jamaal Franklin,1
2014,MEM,Quincy Pondexter,1
2014,ATL,Jeff Teague,1
2014,BRK,Brook Lopez,1
2014,IND,Solomon Hill,1
2014,TOR,Dwight Buycks,1
2014,TOR,Julyan Stone,1
2014,TOR,Landry Fields,1
2014,OKC,Andre Roberson,1
2014,OKC,Grant Jerrett,1
2014,GSW,Andrew Bogut,1
2014,GSW,Andrew Bogut,1
2014,GSW,Festus Ezeli,1
2014,GSW,Nemanja Nedovic,1
2014,POR,Allen Crabbe,1
2014,POR,Victor Claver,1
2014,CHI,Greg Smith,1
2014,MIA,Justin Hamilton,1
2014,MIA,Michael Beasley,1
2014,MIA,Michael Beasley,1
2014,DAL,Gal Mekel,1
2014,DAL,Gal Mekel,1
2014,DAL,Ricky Ledo,1
2014,HOU,Isaiah Canaan,1
2014,HOU,Robert Covington,1
2014,SAS,Aron Baynes,1
2014,SAS,Damion James,1
2014,WAS,Glen Rice Jr.,1
2014,GSW,Andrew Bogut,1
2014,DAL,Gal Mekel,1
2014,GSW,Andrew Bogut,1
2014,DAL,Gal Mekel,1
2014,SAS,Austin Daye,1
2014,TOR,Landry Fields,1
2014,TOR,Landry Fields,1
2014,GSW,Andrew Bogut,1
2014,DAL,Gal Mekel,1
2014,GSW,Andrew Bogut,1
2014,DAL,Gal Mekel,1
2014,TOR,Julyan Stone,1
2014,GSW,Andrew Bogut,1
2014,CHI,Joakim Noah,1
2014,DAL,Gal Mekel,1
2014,MEM,Nick Calathes,1
2014,GSW,Andrew Bogut,1
2014,DAL,Gal Mekel,1
2014,MIA,Greg Oden,1
2014,POR,Mo Williams,1
2014,POR,Mo Williams,1
2014,CLE,Anthony Bennett,1
2014,POR,Mo Williams,1
2014,NOP,Tyreke Evans,1
2014,OKC,Serge Ibaka,1
2014,IND,Evan Turner,1
2014,IND,Evan Turner,1
2014,OKC,Serge Ibaka,1
2014,IND,Solomon Hill,1
2014,MIA,Michael Beasley,1
2014,OKC,Andre Roberson,1
2014,MIA,Chris Andersen,1
2014,BRK,Deron Williams,1
2014,MIA,Michael Beasley,1
2014,MIA,Greg Oden,1
2014,WAS,Martell Webster,1
2014,SAS,Patty Mills,1
2014,SAS,Manu Ginobili,1
2014,OKC,Perry Jones III,1
2014,POR,Thomas Robinson,1
2014,IND,Paul George,1
2014,BRK,Markel Brown,1
2014,GSW,Shaun Livingston,1
2014,CHA,Noah Vonleh,1
2014,BOS,Rajon Rondo,1
2014,NOP,Tyreke Evans,1
2014,MIA,Justin Hamilton,1
2014,OKC,Mitch McGary,1
2014,WAS,Bradley Beal,1
2014,MIL,Johnny O'Bryant III,1
2014,OKC,Kevin Durant,1
2014,DET,Jodie Meeks,1
2014,OKC,Kevin Durant,1
2014,MIL,Larry Sanders,1
2014,IND,C.J. Watson,1
2014,DAL,Raymond Felton,1
2014,DAL,Ricky Ledo,1
2014,NOP,Patric Young,1
2014,NOP,Russ Smith,1
2014,HOU,Clint Capela,1
2014,HOU,Nick Johnson,1
2014,SAS,Kawhi Leonard,1
2014,SAS,Tiago Splitter,1
2014,SAS,Patty Mills,1
2014,POR,Meyers Leonard,1
2014,POR,Victor Claver,1
2014,MIL,Damien Inglis,1
2014,MIL,Johnny O'Bryant III,1
2014,CHI,Jimmy Butler,1
2014,BOS,Dwight Powell,1
2014,BOS,Vitor Faverani,1
2014,ATL,Adreian Payne,1
2014,ATL,John Jenkins,1
2014,MIA,Andre Dawkins,1
2014,MIA,Danny Granger,1
2014,MIA,Josh McRoberts,1
2014,CHA,Jeff Taylor,1
2014,CHA,Noah Vonleh,1
2014,BRK,Brook Lopez,1
2014,BRK,Markel Brown,1
2014,IND,David West,1
2014,IND,George Hill,1
2014,IND,Paul George,1
2014,DET,Cartier Martin,1
2014,DET,Jodie Meeks,1
2014,TOR,Bruno Caboclo,1
2014,TOR,Greg Stiemsma,1
2014,OKC,Anthony Morrow,1
2014,OKC,Grant Jerrett,1
2014,OKC,Jeremy Lamb,1
2014,OKC,Kevin Durant,1
2014,OKC,Mitch McGary,1
2014,OKC,Reggie Jackson,1
2014,GSW,Brandon Rush,1
2014,GSW,David Lee,1
2014,WAS,Bradley Beal,1
2014,WAS,Glen Rice Jr.,1
2014,WAS,Martell Webster,1
2014,CLE,A.J. Price,1
2014,OKC,Russell Westbrook,1
2014,CHI,Derrick Rose,1
2014,CHI,Taj Gibson,1
2014,MEM,Courtney Lee,1
2014,MIA,Danny Granger,1
2014,MIA,Udonis Haslem,1
2014,TOR,Lucas Nogueira,1
2014,HOU,Patrick Beverley,1
2014,OKC,Russell Westbrook,1
2014,GSW,Nemanja Nedovic,1
2014,POR,Joel Freeland,1
2014,MIA,Chris Andersen,1
2014,TOR,Amir Johnson,1
2014,BRK,Cory Jefferson,1
2014,HOU,Tarik Black,1
2014,CHI,Joakim Noah,1
2014,CHA,Michael Kidd-Gilchrist,1
2014,NOP,Luke Babbitt,1
2014,HOU,Tarik Black,1
2014,HOU,Terrence Jones,1
2014,OKC,Andre Roberson,1
2014,CLE,Matthew Dellavedova,1
2014,MEM,Jarnell Stokes,1
2014,MIA,Danny Granger,1
2014,IND,Rodney Stuckey,1
2014,DET,Gigi Datome,1
2014,TOR,Jonas Valanciunas,1
2014,SAS,Kyle Anderson,1
2014,GSW,Justin Holiday,1
2014,MIA,Udonis Haslem,1
2014,POR,Allen Crabbe,1
2014,HOU,Patrick Beverley,1
2014,SAS,Manu Ginobili,1
2014,SAS,Marco Belinelli,1
2014,SAS,Tiago Splitter,1
2014,SAS,Tim Duncan,1
2014,CHI,Derrick Rose,1
2014,CHA,Noah Vonleh,1
2014,IND,C.J. Miles,1
2014,IND,C.J. Watson,1
2014,TOR,Bruno Caboclo,1
2014,TOR,Lucas Nogueira,1
2014,OKC,Perry Jones III,1
2014,BOS,Marcus Smart,1
2014,BOS,Rajon Rondo,1
2014,BOS,Rajon Rondo,1
2014,MIA,Justin Hamilton,1
2014,NOP,Luke Babbitt,1
2014,HOU,Dwight Howard,1
2014,GSW,David Lee,1
2014,BRK,Sergey Karasev,1
2014,GSW,Justin Holiday,1
2014,GSW,Klay Thompson,1
2014,CHI,Cameron Bairstow,1
2014,CLE,Dion Waiters,1
2014,POR,Nicolas Batum,1
2014,MIL,Khris Middleton,1
2014,TOR,Landry Fields,1
2014,BOS,Marcus Smart,1
2014,BOS,Marcus Thornton,1
2014,ATL,Mike Scott,1
2014,ATL,DeMarre Carroll,1
2014,MIA,Andre Dawkins,1
2014,NOP,Russ Smith,1
2014,HOU,Clint Capela,1
2014,HOU,Patrick Beverley,1
2014,TOR,Bruno Caboclo,1
2014,MIL,Khris Middleton,1
2014,CLE,Alex Kirk,1
2014,ATL,Adreian Payne,1
2014,MIA,Dwyane Wade,1
2014,CHA,Michael Kidd-Gilchrist,1
2014,HOU,Troy Daniels,1
2014,POR,LaMarcus Aldridge,1
2014,CHI,Derrick Rose,1
2014,IND,C.J. Miles,1
2014,TOR,Bruno Caboclo,1
2014,MIA,Josh McRoberts,1
2014,POR,Victor Claver,1
2014,CHI,Pau Gasol,1
2014,MIA,Luol Deng,1
2014,CHA,Gary Neal,1
2014,DAL,Richard Jefferson,1
2014,BRK,Andrei Kirilenko,1
2014,NOP,Omer Asik,1
2014,DET,Gigi Datome,1
2014,MIL,Larry Sanders,1
2014,MEM,Beno Udrih,1
2014,MEM,Courtney Lee,1
2014,MEM,Jon Leuer,1
2014,MEM,Kosta Koufos,1
2014,MEM,Tony Allen,1
2014,CHA,Gary Neal,1
2014,CHA,P.J. Hairston,1
2014,DAL,Devin Harris,1
2014,TOR,James Johnson,1
2014,HOU,Dwight Howard,1
2014,SAS,Matt Bonner,1
2014,WAS,Glen Rice Jr.,1
2014,MIA,Andre Dawkins,1
2014,POR,C.J. McCollum,1
2014,CHI,Kirk Hinrich,1
2014,MEM,Quincy Pondexter,1
2014,ATL,John Jenkins,1
2014,CHA,P.J. Hairston,1
2014,NOP,Patric Young,1
2014,TOR,James Johnson,1
2014,TOR,Tyler Hansbrough,1
2014,NOP,Omer Asik,1
2014,MIA,Norris Cole,1
2014,DAL,Charlie Villanueva,1
2014,BRK,Kevin Garnett,1
2014,NOP,Darius Miller,1
2014,NOP,Omer Asik,1
2014,HOU,Nick Johnson,1
2014,SAS,Matt Bonner,1
2014,WAS,Otto Porter Jr.,1
2014,BOS,James Young,1
2014,MEM,Jordan Adams,1
2014,CHI,Taj Gibson,1
2014,DAL,Raymond Felton,1
2014,IND,Roy Hibbert,1
2014,TOR,Lucas Nogueira,1
2014,HOU,Patrick Beverley,1
2014,MIL,Nate Wolters,1
2014,CHI,Joakim Noah,1
2014,MIA,Chris Andersen,1
2014,NOP,Eric Gordon,1
2014,DET,Brandon Jennings,1
2014,WAS,Nene Hilario,1
2014,MIL,John Henson,1
2014,ATL,Thabo Sefolosha,1
2014,CHA,Gary Neal,1
2014,DAL,Jameer Nelson,1
2014,BRK,Markel Brown,1
2014,TOR,Bruno Caboclo,1
2014,SAS,Cory Joseph,1
2014,GSW,Leandro Barbosa,1
2014,DET,Tony Mitchell,1
2014,CHA,Marvin Williams,1
2014,DAL,Ricky Ledo,1
2014,NOP,Patric Young,1
2014,DET,Brandon Jennings,1
2014,TOR,Lucas Nogueira,1
2014,ATL,John Jenkins,1
2014,DAL,Jameer Nelson,1
2014,CLE,Anderson Varejao,1
2014,DAL,Dirk Nowitzki,1
2014,NOP,Russ Smith,1
2014,TOR,DeMar DeRozan,1
2014,HOU,Isaiah Canaan,1
2014,POR,Will Barton,1
2014,MIA,Andre Dawkins,1
2014,TOR,Bruno Caboclo,1
2014,TOR,DeMar DeRozan,1
2014,SAS,Tony Parker,1
2014,SAS,Tim Duncan,1
2014,CHI,Doug McDermott,1
2014,CLE,Alex Kirk,1
2014,TOR,Lucas Nogueira,1
2014,OKC,Perry Jones III,1
2014,MIL,Ersan Ilyasova,1
2014,BOS,Dwight Powell,1
2014,MIA,Norris Cole,1
2014,DAL,Dirk Nowitzki,1
2014,BRK,Kevin Garnett,1
2014,HOU,Isaiah Canaan,1
2014,POR,Dorell Wright,1
2014,MIA,Andre Dawkins,1
2014,MIA,Luol Deng,1
2014,BRK,Sergey Karasev,1
2014,OKC,Grant Jerrett,1
2014,MIA,Norris Cole,1
2014,NOP,Russ Smith,1
2014,HOU,Kostas Papanikolaou,1
2014,SAS,Tony Parker,1
2014,SAS,Manu Ginobili,1
2014,POR,Victor Claver,1
2014,ATL,Mike Muscala,1
2014,IND,Ian Mahinmi,1
2014,CLE,Mike Miller,1
2014,BRK,Brook Lopez,1
2014,BRK,Joe Johnson,1
2014,WAS,Nene Hilario,1
2014,MEM,Jarnell Stokes,1
2014,CHI,Joakim Noah,1
2014,ATL,Mike Scott,1
2014,MIA,Josh McRoberts,1
2014,DAL,Jameer Nelson,1
2014,BRK,Joe Johnson,1
2014,BRK,Mirza Teletovic,1
2014,HOU,Francisco Garcia,1
2014,HOU,Kostas Papanikolaou,1
2014,SAS,Manu Ginobili,1
2014,SAS,Kawhi Leonard,1
2014,SAS,Tim Duncan,1
2014,GSW,Andrew Bogut,1
2014,CLE,LeBron James,1
2014,HOU,Francisco Garcia,1
2014,HOU,Isaiah Canaan,1
2014,BOS,Avery Bradley,1
2014,BOS,James Young,1
2014,MEM,Jordan Adams,1
2014,ATL,Pero Antic,1
2014,CHA,Noah Vonleh,1
2014,BRK,Mirza Teletovic,1
2014,DET,Gigi Datome,1
2014,TOR,Bruno Caboclo,1
2014,MIL,Ersan Ilyasova,1
2014,MIL,John Henson,1
2014,CHI,Doug McDermott,1
2014,DAL,Chandler Parsons,1
2014,BRK,Kevin Garnett,1
2014,IND,C.J. Miles,1
2014,HOU,Isaiah Canaan,1
2014,MIL,Damien Inglis,1
2014,MIA,Chris Bosh,1
2014,MIA,Hassan Whiteside,1
2014,MIA,Shabazz Napier,1
2014,NOP,Anthony Davis,1
2014,TOR,Lucas Nogueira,1
2014,SAS,Tony Parker,1
2014,OKC,Lance Thomas,1
2014,BOS,Marcus Smart,1
2014,BOS,Marcus Thornton,1
2014,TOR,Bruno Caboclo,1
2014,SAS,Manu Ginobili,1
2014,SAS,Tiago Splitter,1
2014,SAS,Tim Duncan,1
2014,MIL,Jabari Parker,1
2014,MIA,Chris Bosh,1
2014,MIA,Danny Granger,1
2014,MIA,Josh McRoberts,1
2014,DAL,Ricky Ledo,1
2014,BRK,Markel Brown,1
2014,OKC,Mitch McGary,1
2014,WAS,Paul Pierce,1
2014,POR,Robin Lopez,1
2014,MEM,Tony Allen,1
2014,ATL,Jeff Teague,1
2014,BRK,Sergey Karasev,1
2014,TOR,Lucas Nogueira,1
2014,SAS,Kawhi Leonard,1
2014,MIL,Larry Sanders,1
2014,CHI,Derrick Rose,1
2014,CHI,Taj Gibson,1
2014,NOP,Tyreke Evans,1
2014,HOU,Clint Capela,1
2014,POR,Nicolas Batum,1
2014,CHA,Lance Stephenson,1
2014,OKC,Kendrick Perkins,1
2014,CHA,Lance Stephenson,1
2014,IND,C.J. Watson,1
2014,SAS,Danny Green,1
2014,SAS,Manu Ginobili,1
2014,SAS,Tiago Splitter,1
2014,SAS,Tim Duncan,1
2014,MEM,Zach Randolph,1
2014,MIA,Dwyane Wade,1
2014,MIA,Hassan Whiteside,1
2014,BRK,Deron Williams,1
2014,TOR,Landry Fields,1
2014,POR,LaMarcus Aldridge,1
2014,SAS,Kawhi Leonard,1
2014,POR,Nicolas Batum,1
2014,POR,Robin Lopez,1
2014,MIL,Jabari Parker,1
2014,CHI,Kirk Hinrich,1
2014,ATL,John Jenkins,1
2014,ATL,Pero Antic,1
2014,MIA,Josh McRoberts,1
2014,MIA,Justin Hamilton,1
2014,BRK,Markel Brown,1
2014,IND,Damjan Rudez,1
2014,IND,Ian Mahinmi,1
2014,CLE,A.J. Price,1
2014,CLE,Anderson Varejao,1
2014,SAS,Boris Diaw,1
2014,GSW,Festus Ezeli,1
2014,POR,LaMarcus Aldridge,1
2014,MIL,Damien Inglis,1
2014,MIL,Ersan Ilyasova,1
2014,CLE,Anderson Varejao,1
2014,CLE,Kyrie Irving,1
2014,ATL,Pero Antic,1
2014,CHA,Jannero Pargo,1
2014,BRK,Cory Jefferson,1
2014,SAS,Tony Parker,1
2014,ATL,Adreian Payne,1
2014,IND,C.J. Miles,1
2014,TOR,Bruno Caboclo,1
2014,HOU,Alexey Shved,1
2014,TOR,Landry Fields,1
2014,DAL,Tyson Chandler,1
2014,SAS,Tony Parker,1
2014,MIA,Justin Hamilton,1
2014,CHA,Jeff Taylor,1
2014,CHA,Noah Vonleh,1
2014,WAS,DeJuan Blair,1
2014,CHA,Lance Stephenson,1
2014,POR,Meyers Leonard,1
2014,CLE,LeBron James,1
2014,CLE,Shawn Marion,1
2014,ATL,Al Horford,1
2014,DAL,Ricky Ledo,1
2014,BRK,Kevin Garnett,1
2014,WAS,Drew Gooden,1
2014,MIL,Jerryd Bayless,1
2014,CLE,Kevin Love,1
2014,CHA,Al Jefferson,1
2014,CHA,Al Jefferson,1
2014,OKC,Lance Thomas,1
2015,MIL,Larry Sanders,1
2015,BRK,Cory Jefferson,1
2015,IND,C.J. Watson,1
2015,IND,George Hill,1
2015,DET,Spencer Dinwiddie,1
2015,POR,Victor Claver,1
2015,CHI,Mike Dunleavy Jr.,1
2015,BOS,Jameer Nelson,1
2015,MEM,Beno Udrih,1
2015,POR,Joel Freeland,1
2015,MIL,Jabari Parker,1
2015,CLE,Kyrie Irving,1
2015,BOS,Jameer Nelson,1
2015,BRK,Deron Williams,1
2015,BRK,Kevin Garnett,1
2015,NOP,Russ Smith,1
2015,GSW,Brandon Rush,1
2015,WAS,DeJuan Blair,1
2015,SAS,Aron Baynes,1
2015,SAS,Kyle Anderson,1
2015,CLE,Iman Shumpert,1
2015,BOS,James Young,1
2015,IND,Rodney Stuckey,1
2015,OKC,Grant Jerrett,1
2015,WAS,Paul Pierce,1
2015,CHA,Cody Zeller,1
2015,CHA,P.J. Hairston,1
2015,BRK,Deron Williams,1
2015,CLE,Shawn Marion,1
2015,MEM,Jordan Adams,1
2015,BRK,Deron Williams,1
2015,BRK,Kevin Garnett,1
2015,SAS,Aron Baynes,1
2015,GSW,Ognen Kuzmic,1
2015,WAS,DeJuan Blair,1
2015,POR,Allen Crabbe,1
2015,CHI,Derrick Rose,1
2015,CHA,Lance Stephenson,1
2015,IND,George Hill,1
2015,TOR,Lucas Nogueira,1
2015,SAS,Manu Ginobili,1
2015,SAS,Marco Belinelli,1
2015,MEM,Quincy Pondexter,1
2015,MEM,Tayshaun Prince,1
2015,HOU,Isaiah Canaan,1
2015,HOU,Nick Johnson,1
2015,HOU,Terrence Jones,1
2015,CLE,Iman Shumpert,1
2015,ATL,DeMarre Carroll,1
2015,ATL,Paul Millsap,1
2015,SAS,Marco Belinelli,1
2015,BOS,Tayshaun Prince,1
2015,MEM,Russ Smith,1
2015,ATL,Al Horford,1
2015,ATL,Kyle Korver,1
2015,MIA,Dwyane Wade,1
2015,CHA,Gary Neal,1
2015,DAL,Dirk Nowitzki,1
2015,DAL,Rajon Rondo,1
2015,DAL,Tyson Chandler,1
2015,NOP,Jrue Holiday,1
2015,TOR,Bruno Caboclo,1
2015,WAS,Drew Gooden,1
2015,CHI,Joakim Noah,1
2015,CLE,Kevin Love,1
2015,BOS,James Young,1
2015,MEM,Mike Conley Jr.,1
2015,ATL,Adreian Payne,1
2015,MIA,Chris Andersen,1
2015,MIA,Josh McRoberts,1
2015,BRK,Sergey Karasev,1
2015,NOP,Anthony Davis,1
2015,SAS,Austin Daye,1
2015,GSW,Andre Iguodala,1
2015,GSW,Andrew Bogut,1
2015,ATL,Dennis Schroder,1
2015,ATL,Pero Antic,1
2015,CHA,Kemba Walker,1
2015,MIL,Kendall Marshall,1
2015,MIL,Kendall Marshall,1
2015,MIL,Kendall Marshall,1
2015,BOS,James Young,1
2015,MEM,Russ Smith,1
2015,ATL,Shelvin Mack,1
2015,CHA,Kemba Walker,1
2015,WAS,DeJuan Blair,1
2015,MIA,Justin Hamilton,1
2015,POR,LaMarcus Aldridge,1
2015,ATL,Adreian Payne,1
2015,MIA,Hassan Whiteside,1
2015,MIA,Luol Deng,1
2015,CHA,Noah Vonleh,1
2015,BRK,Kevin Garnett,1
2015,BOS,Kelly Olynyk,1
2015,MEM,Jarnell Stokes,1
2015,MEM,Jordan Adams,1
2015,BRK,Mirza Teletovic,1
2015,IND,Shayne Whittington,1
2015,NOP,Ryan Anderson,1
2015,GSW,Andre Iguodala,1
2015,POR,Nicolas Batum,1
2015,CHA,Kemba Walker,1
2015,BRK,Mirza Teletovic,1
2015,DET,Brandon Jennings,1
2015,CLE,Brendan Haywood,1
2015,IND,C.J. Miles,1
2015,HOU,Dwight Howard,1
2015,HOU,Terrence Jones,1
2015,OKC,Steven Adams,1
2015,BOS,Shavlik Randolph,1
2015,MEM,Tony Allen,1
2015,OKC,Kevin Durant,1
2015,CHI,Jimmy Butler,1
2015,MEM,Mike Conley Jr.,1
2015,MIA,Chris Andersen,1
2015,MIA,Luol Deng,1
2015,DET,Brandon Jennings,1
2015,GSW,Andrew Bogut,1
2015,WAS,Paul Pierce,1
2015,CLE,LeBron James,1
2015,CHA,Bismack Biyombo,1
2015,CHA,Kemba Walker,1
2015,CHA,Marvin Williams,1
2015,HOU,Dwight Howard,1
2015,WAS,Nene Hilario,1
2015,MIL,Ersan Ilyasova,1
2015,MIL,Zaza Pachulia,1
2015,IND,Shayne Whittington,1
2015,ATL,DeMarre Carroll,1
2015,MIA,Dwyane Wade,1
2015,DAL,Chandler Parsons,1
2015,NOP,Anthony Davis,1
2015,TOR,Amir Johnson,1
2015,TOR,James Johnson,1
2015,MEM,Vince Carter,1
2015,ATL,Thabo Sefolosha,1
2015,IND,Lavoy Allen,1
2015,HOU,Clint Capela,1
2015,OKC,Grant Jerrett,1
2015,WAS,DeJuan Blair,1
2015,BOS,Shavlik Randolph,1
2015,BOS,Tayshaun Prince,1
2015,MIL,Brandon Knight,1
2015,DAL,Rajon Rondo,1
2015,OKC,Kevin Durant,1
2015,OKC,Perry Jones III,1
2015,POR,Victor Claver,1
2015,MIA,Shawne Williams,1
2015,GSW,Ognen Kuzmic,1
2015,MIL,Kenyon Martin,1
2015,MEM,Jordan Adams,1
2015,TOR,Lucas Nogueira,1
2015,SAS,Tiago Splitter,1
2015,OKC,Mitch McGary,1
2015,POR,Chris Kaman,1
2015,CHA,Bismack Biyombo,1
2015,DAL,Dirk Nowitzki,1
2015,WAS,Drew Gooden,1
2015,WAS,Kevin Seraphin,1
2015,MIA,Hassan Whiteside,1
2015,IND,Ian Mahinmi,1
2015,TOR,Bruno Caboclo,1
2015,SAS,Jeff Pendergraph,1
2015,OKC,Grant Jerrett,1
2015,POR,Victor Claver,1
2015,BRK,Kevin Garnett,1
2015,WAS,Bradley Beal,1
2015,CHI,Kirk Hinrich,1
2015,CHA,Michael Kidd-Gilchrist,1
2015,IND,Ian Mahinmi,1
2015,OKC,Anthony Morrow,1
2015,ATL,Mike Muscala,1
2015,IND,Lavoy Allen,1
2015,SAS,Reggie Williams,1
2015,MIA,James Ennis,1
2015,NOP,Anthony Davis,1
2015,NOP,Ryan Anderson,1
2015,SAS,Manu Ginobili,1
2015,OKC,Steven Adams,1
2015,OKC,Steven Adams,1
2015,DET,Caron Butler,1
2015,DET,Cartier Martin,1
2015,HOU,Terrence Jones,1
2015,POR,Chris Kaman,1
2015,DAL,Tyson Chandler,1
2015,IND,Lavoy Allen,1
2015,DET,Caron Butler,1
2015,SAS,Reggie Williams,1
2015,WAS,Kris Humphries,1
2015,CHI,Jimmy Butler,1
2015,CLE,Kevin Love,1
2015,DAL,Amar'e Stoudemire,1
2015,DAL,Dwight Powell,1
2015,POR,Alonzo Gee,1
2015,POR,Arron Afflalo,1
2015,MIL,Ersan Ilyasova,1
2015,CHI,Cameron Bairstow,1
2015,BOS,Jared Sullinger,1
2015,MIA,Chris Bosh,1
2015,BRK,Jarrett Jack,1
2015,IND,Shayne Whittington,1
2015,NOP,Justin Hamilton,1
2015,NOP,Norris Cole,1
2015,HOU,Nick Johnson,1
2015,SAS,Jeff Pendergraph,1
2015,GSW,James McAdoo,1
2015,WAS,Kevin Seraphin,1
2015,CHI,Kirk Hinrich,1
2015,TOR,Lou Williams,1
2015,OKC,Kevin Durant,1
2015,POR,LaMarcus Aldridge,1
2015,DAL,Chandler Parsons,1
2015,NOP,Anthony Davis,1
2015,NOP,Ryan Anderson,1
2015,OKC,Kevin Durant,1
2015,GSW,Stephen Curry,1
2015,CHI,Taj Gibson,1
2015,BRK,Bojan Bogdanovic,1
2015,TOR,Patrick Patterson,1
2015,HOU,Kostas Papanikolaou,1
2015,HOU,Patrick Beverley,1
2015,SAS,Matt Bonner,1
2015,CHI,Derrick Rose,1
2015,CLE,Shawn Marion,1
2015,OKC,Steve Novak,1
2015,MIL,O.J. Mayo,1
2015,DAL,Tyson Chandler,1
2015,HOU,Clint Capela,1
2015,HOU,Kostas Papanikolaou,1
2015,SAS,Reggie Williams,1
2015,OKC,Steve Novak,1
2015,WAS,Paul Pierce,1
2015,CHI,Derrick Rose,1
2015,CHI,Pau Gasol,1
2015,CLE,Kyrie Irving,1
2015,CLE,LeBron James,1
2015,SAS,Jeff Pendergraph,1
2015,OKC,Enes Kanter,1
2015,GSW,Andre Iguodala,1
2015,WAS,Kris Humphries,1
2015,CHI,Derrick Rose,1
2015,MIL,Jared Dudley,1
2015,MIA,Chris Andersen,1
2015,DAL,Tyson Chandler,1
2015,TOR,Kyle Lowry,1
2015,SAS,Reggie Williams,1
2015,OKC,Russell Westbrook,1
2015,WAS,Kris Humphries,1
2015,POR,Allen Crabbe,1
2015,CHI,Taj Gibson,1
2015,CHA,P.J. Hairston,1
2015,MIL,O.J. Mayo,1
2015,CHI,Jimmy Butler,1
2015,TOR,Kyle Lowry,1
2015,GSW,Leandro Barbosa,1
2015,CHI,Jimmy Butler,1
2015,MEM,Beno Udrih,1
2015,MEM,Zach Randolph,1
2015,BOS,Shavlik Randolph,1
2015,IND,C.J. Watson,1
2015,IND,Roy Hibbert,1
2015,DAL,Dwight Powell,1
2015,POR,Wes Matthews Jr.,1
2015,BOS,Avery Bradley,1
2015,MIA,Dwyane Wade,1
2015,MIA,Luol Deng,1
2015,MIA,Mario Chalmers,1
2015,DAL,Devin Harris,1
2015,IND,Shayne Whittington,1
2015,TOR,Lucas Nogueira,1
2015,HOU,Nick Johnson,1
2015,HOU,Kostas Papanikolaou,1
2015,POR,Wes Matthews Jr.,1
2015,ATL,Kyle Korver,1
2015,ATL,Pero Antic,1
2015,MIA,Goran Dragic,1
2015,MIA,Hassan Whiteside,1
2015,DET,Joel Anthony,1
2015,DAL,Dwight Powell,1
2015,ATL,Jarell Eddie,1
2015,MIA,Udonis Haslem,1
2015,MIA,Zoran Dragic,1
2015,DAL,Greg Smith,1
2015,IND,C.J. Miles,1
2015,NOP,Tyreke Evans,1
2015,DET,Joel Anthony,1
2015,SAS,Manu Ginobili,1
2015,MIL,Jerryd Bayless,1
2015,CHI,Joakim Noah,1
2015,BOS,Isaiah Thomas,1
2015,CHA,Cody Zeller,1
2015,BRK,Alan Anderson,1
2015,BRK,Sergey Karasev,1
2015,HOU,Kostas Papanikolaou,1
2015,DET,Quincy Miller,1
2015,MIL,O.J. Mayo,1
2015,MEM,Marc Gasol,1
2015,MEM,Mike Conley Jr.,1
2015,MEM,Mike Conley Jr.,1
2015,MEM,Tony Allen,1
2015,MEM,Zach Randolph,1
2015,BRK,Sergey Karasev,1
2015,IND,Roy Hibbert,1
2015,SAS,Reggie Williams,1
2015,WAS,Garrett Temple,1
2015,POR,Alonzo Gee,1
2015,ATL,Mike Scott,1
2015,CHA,Al Jefferson,1
2015,DAL,Al-Farouq Aminu,1
2015,OKC,Serge Ibaka,1
2015,GSW,Andre Iguodala,1
2015,GSW,Andrew Bogut,1
2015,GSW,Klay Thompson,1
2015,GSW,Stephen Curry,1
2015,GSW,Ognen Kuzmic,1
2015,MIL,Jared Dudley,1
2015,MIL,Michael Carter-Williams,1
2015,MEM,Jarnell Stokes,1
2015,MEM,Jon Leuer,1
2015,IND,Donald Sloan,1
2015,GSW,James McAdoo,1
2015,CLE,Kevin Love,1
2015,ATL,DeMarre Carroll,1
2015,ATL,Jeff Teague,1
2015,ATL,Paul Millsap,1
2015,TOR,Bruno Caboclo,1
2015,ATL,Al Horford,1
2015,ATL,Kyle Korver,1
2015,ATL,Kyle Korver,1
2015,CHA,P.J. Hairston,1
2015,IND,Shayne Whittington,1
2015,SAS,Aron Baynes,1
2015,SAS,Manu Ginobili,1
2015,GSW,Brandon Rush,1
2015,MIL,Jared Dudley,1
2015,MIL,O.J. Mayo,1
2015,DET,Greg Monroe,1
2015,HOU,Jason Terry,1
2015,SAS,Aron Baynes,1
2015,SAS,Manu Ginobili,1
2015,OKC,Serge Ibaka,1
2015,BOS,James Young,1
2015,ATL,Thabo Sefolosha,1
2015,DAL,Greg Smith,1
2015,GSW,Klay Thompson,1
2015,CLE,Joe Harris,1
2015,NOP,Anthony Davis,1
2015,MEM,Russ Smith,1
2015,CHA,Noah Vonleh,1
2015,CHA,Troy Daniels,1
2015,NOP,Omer Asik,1
2015,HOU,Terrence Jones,1
2015,OKC,Enes Kanter,1
2015,POR,Chris Kaman,1
2015,MEM,Courtney Lee,1
2015,DAL,Jose Barea,1
2015,DET,Shawne Williams,1
2015,OKC,Nick Collison,1
2015,CHA,Cody Zeller,1
2015,DAL,Jose Barea,1
2015,NOP,Tyreke Evans,1
2015,TOR,Kyle Lowry,1
2015,CHI,Cameron Bairstow,1
2015,CHI,Joakim Noah,1
2015,IND,Rodney Stuckey,1
2015,GSW,James McAdoo,1
2015,POR,LaMarcus Aldridge,1
2015,POR,Nicolas Batum,1
2015,MIA,Tyler Johnson,1
2015,TOR,Bruno Caboclo,1
2015,SAS,Aron Baynes,1
2015,OKC,Andre Roberson,1
2015,OKC,Nick Collison,1
2015,GSW,Shaun Livingston,1
2015,SAS,Kyle Anderson,1
2015,CHI,Doug McDermott,1
2015,BOS,James Young,1
2015,MEM,Russ Smith,1
2015,MIA,Chris Andersen,1
2015,MIA,Dwyane Wade,1
2015,MIA,Hassan Whiteside,1
2015,TOR,Kyle Lowry,1
2015,HOU,Patrick Beverley,1
2015,WAS,Toure Murry,1
2015,ATL,Austin Daye,1
2015,IND,David West,1
2015,ATL,Jeff Teague,1
2015,ATL,Pero Antic,1
2015,MIA,Hassan Whiteside,1
2015,DAL,Greg Smith,1
2015,BRK,Thaddeus Young,1
2015,HOU,Donatas Motiejunas,1
2015,HOU,Terrence Jones,1
2015,GSW,Brandon Rush,1
2015,ATL,Al Horford,1
2015,ATL,DeMarre Carroll,1
2015,ATL,Kyle Korver,1
2015,ATL,Paul Millsap,1
2015,CHA,Michael Kidd-Gilchrist,1
2015,DAL,Monta Ellis,1
2015,GSW,Andre Iguodala,1
2015,MEM,Tony Allen,1
2015,MIA,Shabazz Napier,1
2015,DAL,Monta Ellis,1
2015,IND,Shayne Whittington,1
2015,SAS,Jeff Pendergraph,1
2015,MIL,Jared Dudley,1
2015,MEM,Tony Allen,1
2015,ATL,Austin Daye,1
2015,HOU,Dwight Howard,1
2015,ATL,Dennis Schroder,1
2015,MIA,Luol Deng,1
2015,MIA,Shabazz Napier,1
2015,MIA,Udonis Haslem,1
2015,HOU,Patrick Beverley,1
2015,OKC,Kevin Durant,1
2015,GSW,Draymond Green,1
2015,MIA,Shabazz Napier,1
2015,DAL,Dwight Powell,1
2015,DAL,Greg Smith,1
2015,DET,Spencer Dinwiddie,1
2015,HOU,Donatas Motiejunas,1
2015,SAS,Reggie Williams,1
2015,WAS,Paul Pierce,1
2015,POR,Dorell Wright,1
2015,CLE,Kevin Love,1
2015,POR,Dorell Wright,1
2015,CHI,Kirk Hinrich,1
2015,BOS,Shavlik Randolph,1
2015,CHA,Al Jefferson,1
2015,DAL,Chandler Parsons,1
2015,BRK,Alan Anderson,1
2015,TOR,Amir Johnson,1
2015,GSW,James McAdoo,1
2015,WAS,Nene Hilario,1
2015,ATL,Austin Daye,1
2015,CLE,Joe Harris,1
2015,MIA,Chris Andersen,1
2015,MIA,Hassan Whiteside,1
2015,IND,C.J. Watson,1
2015,SAS,Tiago Splitter,1
2015,GSW,Brandon Rush,1
2015,POR,Chris Kaman,1
2015,POR,LaMarcus Aldridge,1
2015,POR,Nicolas Batum,1
2015,ATL,Paul Millsap,1
2015,MIA,Michael Beasley,1
2015,GSW,James McAdoo,1
2015,MIL,Giannis Antetokounmpo,1
2015,CHI,Cameron Bairstow,1
2015,ATL,John Jenkins,1
2015,ATL,Thabo Sefolosha,1
2015,CHA,Lance Stephenson,1
2015,IND,Chris Copeland,1
2015,DET,Spencer Dinwiddie,1
2015,TOR,Amir Johnson,1
2015,SAS,Marco Belinelli,1
2015,WAS,John Wall,1
2015,IND,C.J. Watson,1
2015,CHI,Jimmy Butler,1
2015,MIA,Henry Walker,1
2015,HOU,Donatas Motiejunas,1
2015,GSW,Leandro Barbosa,1
2015,POR,Arron Afflalo,1
2015,POR,LaMarcus Aldridge,1
2015,CLE,Iman Shumpert,1
2015,CLE,Kyrie Irving,1
2015,MEM,Mike Conley Jr.,1
2015,ATL,Thabo Sefolosha,1
2015,DAL,Rajon Rondo,1
2015,NOP,Jeff Withey,1
2015,TOR,Lucas Nogueira,1
2015,SAS,Kyle Anderson,1
2015,POR,Arron Afflalo,1
2015,CHI,Cameron Bairstow,1
2015,CLE,J.R. Smith,1
2015,CLE,Kevin Love,1
2015,CLE,LeBron James,1
2015,ATL,Al Horford,1
2015,ATL,DeMarre Carroll,1
2015,ATL,Jeff Teague,1
2015,ATL,Kyle Korver,1
2015,DAL,Amar'e Stoudemire,1
2015,DAL,Devin Harris,1
2015,SAS,Matt Bonner,1
2015,OKC,Perry Jones III,1
2015,WAS,DeJuan Blair,1
2015,CHI,Joakim Noah,1
2015,CHI,Kirk Hinrich,1
2015,ATL,Pero Antic,1
2015,CHA,P.J. Hairston,1
2015,NOP,Jrue Holiday,1
2015,DET,Tayshaun Prince,1
2015,TOR,Bruno Caboclo,1
2015,TOR,DeMar DeRozan,1
2015,WAS,Nene Hilario,1
2015,POR,C.J. McCollum,1
2015,POR,Chris Kaman,1
2015,POR,Nicolas Batum,1
2015,MIL,Jared Dudley,1
2015,MIL,Jerryd Bayless,1
2015,CHI,Joakim Noah,1
2015,CLE,LeBron James,1
2015,BOS,Avery Bradley,1
2015,BOS,Isaiah Thomas,1
2015,BOS,Jae Crowder,1
2015,ATL,Mike Scott,1
2015,MIA,Chris Andersen,1
2015,MIA,Dwyane Wade,1
2015,MIA,Goran Dragic,1
2015,MIA,Hassan Whiteside,1
2015,MIA,Luol Deng,1
2015,MIA,Mario Chalmers,1
2015,DAL,Devin Harris,1
2015,NOP,Jeff Withey,1
2015,TOR,Lou Williams,1
2015,GSW,David Lee,1
2015,WAS,Bradley Beal,1
2015,WAS,John Wall,1
2015,WAS,Paul Pierce,1
2015,ATL,Thabo Sefolosha,1
2015,CHI,Kirk Hinrich,1
2015,DAL,Dwight Powell,1
2015,DAL,Greg Smith,1
2015,HOU,K.J. McDaniels,1
2015,WAS,DeJuan Blair,1
2015,WAS,Garrett Temple,1
2015,GSW,Ognen Kuzmic,1
2015,CLE,Joe Harris,1
2015,BOS,Chris Babb,1
2015,BOS,James Young,1
2015,MEM,Jarnell Stokes,1
2015,MEM,Russ Smith,1
2015,ATL,Austin Daye,1
2015,BRK,Cory Jefferson,1
2015,BRK,Darius Morris,1
2015,SAS,Kyle Anderson,1
2015,SAS,Reggie Williams,1
2015,NOP,Jrue Holiday,1
2015,DAL,Chandler Parsons,1
2015,DAL,Devin Harris,1
2015,POR,Chris Kaman,1
2015,CHA,Cody Zeller,1
2015,DAL,Rajon Rondo,1
2015,BRK,Earl Clark,1
2015,CHI,Nikola Mirotic,1
2015,GSW,James McAdoo,1
2015,DAL,Rajon Rondo,1
2015,CHI,Cameron Bairstow,1
2015,MEM,Beno Udrih,1
2015,BRK,Cory Jefferson,1
2015,DAL,Bernard James,1
2015,POR,Chris Kaman,1
2015,CLE,Kevin Love,1
2015,MEM,Mike Conley Jr.,1
2015,DAL,Richard Jefferson,1
2015,CLE,Kevin Love,1
2015,DAL,Chandler Parsons,1
2015,GSW,Brandon Rush,1
2015,GSW,Ognen Kuzmic,1
2015,WAS,Will Bynum,1
2015,CLE,Kevin Love,1
2015,MEM,Russ Smith,1
2015,WAS,John Wall,1
2015,NOP,Jrue Holiday,1
2015,NOP,Quincy Pondexter,1
2015,CHI,Joakim Noah,1
2015,CHI,Pau Gasol,1
2015,GSW,Marreese Speights,1
2015,MEM,Tony Allen,1
2015,WAS,Martell Webster,1
2015,CHI,Cameron Bairstow,1
2015,MEM,Russ Smith,1
2015,POR,LaMarcus Aldridge,1
2015,CLE,Kyrie Irving,1
2015,ATL,Kyle Korver,1
2015,TOR,Terrence Ross,1
2015,ATL,Kyle Korver,1
2015,ATL,Kyle Korver,1
2015,ATL,Shelvin Mack,1
2015,ATL,Shelvin Mack,1
2015,GSW,Brandon Rush,1
2015,CLE,Kyrie Irving,1
2015,CLE,Kyrie Irving,1
2015,CHI,Taj Gibson,1
2015,MIA,Goran Dragic,1
2015,ATL,Kyle Korver,1
2015,CLE,Timofey Mozgov,1
2015,MIA,Tyler Johnson,1
2015,BRK,Thomas Robinson,1
2015,WAS,Jared Dudley,1
2015,GSW,Kevon Looney,1
2015,MEM,Jarell Martin,1
2015,DET,Darrun Hilliard,1
2015,CHI,Mike Dunleavy Jr.,1
2015,CLE,Iman Shumpert,1
2015,CHI,Derrick Rose,1
2015,GSW,Steve Kerr,1
2015,CHA,Michael Kidd-Gilchrist,1
2015,NOP,Alex Ajinca,1
2015,NOP,Omer Asik,1
2015,WAS,Alan Anderson,1
2015,BRK,Willie Reed,1
2015,NOP,Tyreke Evans,1
2015,POR,Cliff Alexander,1
2015,MIL,Jabari Parker,1
2015,MIL,O.J. Mayo,1
2015,DAL,Chandler Parsons,1
2015,BRK,Chris McCullough,1
2015,BRK,Jarrett Jack,1
2015,HOU,Donatas Motiejunas,1
2015,WAS,Martell Webster,1
2015,CHI,Cristiano Felicio,1
2015,CHI,Mike Dunleavy Jr.,1
2015,CLE,Iman Shumpert,1
2015,CLE,Kyrie Irving,1
2015,ATL,Tim Hardaway Jr.,1
2015,ATL,Edy Tavares,1
2015,NOP,Jrue Holiday,1
2015,NOP,Luke Babbitt,1
2015,NOP,Norris Cole,1
2015,NOP,Quincy Pondexter,1
2015,NOP,Tyreke Evans,1
2015,DET,Brandon Jennings,1
2015,GSW,Ian Clark,1
2015,GSW,Kevon Looney,1
2015,POR,Cliff Alexander,1
2015,POR,Gerald Henderson Jr.,1
2015,MIL,Jabari Parker,1
2015,MIL,Tyler Ennis,1
2015,BOS,James Young,1
2015,BOS,R.J. Hunter,1
2015,MEM,Jarell Martin,1
2015,MEM,Jarnell Stokes,1
2015,MIA,Amar'e Stoudemire,1
2015,MIA,Josh Richardson,1
2015,CHA,Jeremy Lamb,1
2015,CHA,Michael Kidd-Gilchrist,1
2015,CHA,Troy Daniels,1
2015,DAL,Chandler Parsons,1
2015,DAL,JaVale McGee,1
2015,IND,Glenn Robinson III,1
2015,IND,Myles Turner,1
2015,IND,Rakeem Christmas,1
2015,DET,Darrun Hilliard,1
2015,TOR,Bruno Caboclo,1
2015,TOR,Lucas Nogueira,1
2015,HOU,Donatas Motiejunas,1
2015,SAS,Boban Marjanovic,1
2015,SAS,Jonathon Simmons,1
2015,OKC,Josh Huestis,1
2015,OKC,Steve Novak,1
2015,GSW,Andrew Bogut,1
2015,WAS,Alan Anderson,1
2015,WAS,Martell Webster,1
2015,ATL,Mike Muscala,1
2015,ATL,Thabo Sefolosha,1
2015,DAL,Deron Williams,1
2015,DAL,Wes Matthews Jr.,1
2015,DET,Jodie Meeks,1
2015,MIL,John Henson,1
2015,CHI,Cameron Bairstow,1
2015,BOS,Jordan Mickey,1
2015,ATL,Kyle Korver,1
2015,MIA,Chris Andersen,1
2015,BRK,Chris McCullough,1
2015,BRK,Willie Reed,1
2015,OKC,Cameron Payne,1
2015,GSW,Andrew Bogut,1
2015,DET,Jodie Meeks,1
2015,DET,Jodie Meeks,1
2015,IND,Glenn Robinson III,1
2015,CHI,Kirk Hinrich,1
2015,ATL,Tim Hardaway Jr.,1
2015,ATL,Edy Tavares,1
2015,CHA,Aaron Harrison,1
2015,DAL,Justin Anderson,1
2015,NOP,Kendrick Perkins,1
2015,HOU,Dwight Howard,1
2015,HOU,Terrence Jones,1
2015,OKC,Steve Novak,1
2015,HOU,Chuck Hayes,1
2015,SAS,Matt Bonner,1
2015,CLE,J.R. Smith,1
2015,ATL,Mike Muscala,1
2015,ATL,Thabo Sefolosha,1
2015,MIA,Amar'e Stoudemire,1
2015,MIA,Gerald Green,1
2015,DAL,John Jenkins,1
2015,IND,Ian Mahinmi,1
2015,IND,Shayne Whittington,1
2015,NOP,Omer Asik,1
2015,MIL,John Henson,1
2015,MIL,Michael Carter-Williams,1
2015,MIL,O.J. Mayo,1
2015,BOS,Marcus Smart,1
2015,ATL,Kyle Korver,1
2015,IND,C.J. Miles,1
2015,HOU,Patrick Beverley,1
2015,MEM,Jordan Adams,1
2015,MIA,Mario Chalmers,1
2015,DAL,Salah Mejri,1
2015,MIL,Michael Carter-Williams,1
2015,ATL,Mike Muscala,1
2015,ATL,Thabo Sefolosha,1
2015,NOP,Kendrick Perkins,1
2015,HOU,Dwight Howard,1
2015,HOU,Patrick Beverley,1
2015,WAS,Drew Gooden,1
2015,NOP,Norris Cole,1
2015,ATL,Tiago Splitter,1
2015,ATL,Tim Hardaway Jr.,1
2015,IND,Rodney Stuckey,1
2015,NOP,Jrue Holiday,1
2015,OKC,Nick Collison,1
2015,POR,Luis Montero,1
2015,CLE,Anderson Varejao,1
2015,TOR,DeMarre Carroll,1
2015,CHI,Joakim Noah,1
2015,MEM,Brandan Wright,1
2015,ATL,Edy Tavares,1
2015,BRK,Brook Lopez,1
2015,IND,Rodney Stuckey,1
2015,GSW,Ian Clark,1
2015,WAS,Bradley Beal,1
2015,BOS,Jordan Mickey,1
2015,DAL,John Jenkins,1
2015,TOR,Terrence Ross,1
2015,WAS,Nene Hilario,1
2015,POR,Cliff Alexander,1
2015,POR,Meyers Leonard,1
2015,MIL,Jabari Parker,1
2015,BOS,Avery Bradley,1
2015,MEM,Jarell Martin,1
2015,DAL,Chandler Parsons,1
2015,IND,Rodney Stuckey,1
2015,NOP,Anthony Davis,1
2015,NOP,Jrue Holiday,1
2015,HOU,K.J. McDaniels,1
2015,HOU,Sam Dekker,1
2015,SAS,Boban Marjanovic,1
2015,OKC,Kevin Durant,1
2015,GSW,Brandon Rush,1
2015,IND,Myles Turner,1
2015,POR,Meyers Leonard,1
2015,CHI,Cristiano Felicio,1
2015,BOS,James Young,1
2015,ATL,Lamar Patterson,1
2015,CHA,Cody Zeller,1
2015,DAL,John Jenkins,1
2015,TOR,Lucas Nogueira,1
2015,HOU,Sam Dekker,1
2015,OKC,Kevin Durant,1
2015,MIL,Tyler Ennis,1
2015,MEM,James Ennis,1
2015,DAL,Chandler Parsons,1
2015,DAL,Wes Matthews Jr.,1
2015,HOU,Dwight Howard,1
2015,HOU,Patrick Beverley,1
2015,SAS,Manu Ginobili,1
2015,SAS,Kawhi Leonard,1
2015,GSW,Kevon Looney,1
2015,GSW,Klay Thompson,1
2015,ATL,Jeff Teague,1
2015,CHA,P.J. Hairston,1
2015,TOR,Bruno Caboclo,1
2015,MIL,Jabari Parker,1
2015,CHI,Derrick Rose,1
2015,ATL,Kent Bazemore,1
2015,DAL,John Jenkins,1
2015,IND,George Hill,1
2015,IND,Myles Turner,1
2015,HOU,Sam Dekker,1
2015,SAS,Matt Bonner,1
2015,OKC,Andre Roberson,1
2015,SAS,Jonathon Simmons,1
2015,MIL,Jabari Parker,1
2015,ATL,Kent Bazemore,1
2015,MIA,Jarnell Stokes,1
2015,NOP,Omer Asik,1
2015,GSW,Shaun Livingston,1
2015,CHI,Derrick Rose,1
2015,NOP,Anthony Davis,1
2015,NOP,Jrue Holiday,1
2015,TOR,Terrence Ross,1
2015,SAS,Boban Marjanovic,1
2015,SAS,Manu Ginobili,1
2015,OKC,Josh Huestis,1
2015,MIL,Damien Inglis,1
2015,MIL,Tyler Ennis,1
2015,CHI,Aaron Brooks,1
2015,CLE,Mo Williams,1
2015,CLE,Timofey Mozgov,1
2015,GSW,Leandro Barbosa,1
2015,BOS,Terry Rozier,1
2015,MEM,Zach Randolph,1
2015,CHA,Cody Zeller,1
2015,DAL,John Jenkins,1
2015,SAS,Matt Bonner,1
2015,GSW,Brandon Rush,1
2015,WAS,Martell Webster,1
2015,BOS,Marcus Smart,1
2015,ATL,Tiago Splitter,1
2015,ATL,Edy Tavares,1
2015,MIA,Amar'e Stoudemire,1
2015,TOR,Jonas Valanciunas,1
2015,HOU,Dwight Howard,1
2015,SAS,Jonathon Simmons,1
2015,SAS,LaMarcus Aldridge,1
2015,BOS,Marcus Smart,1
2015,BRK,Wayne Ellington,1
2015,TOR,Jonas Valanciunas,1
2015,DAL,Salah Mejri,1
2015,MIA,Amar'e Stoudemire,1
2015,MIA,Luol Deng,1
2015,CHA,Troy Daniels,1
2015,SAS,Matt Bonner,1
2015,OKC,Steve Novak,1
2015,CHI,Cameron Bairstow,1
2015,ATL,Tiago Splitter,1
2015,DAL,Devin Harris,1
2015,GSW,James McAdoo,1
2015,CLE,Matthew Dellavedova,1
2015,CHA,P.J. Hairston,1
2015,DAL,Chandler Parsons,1
2015,DET,Spencer Dinwiddie,1
2015,TOR,Delon Wright,1
2015,OKC,Mitch McGary,1
2015,SAS,Boban Marjanovic,1
2015,POR,Chris Kaman,1
2015,ATL,Thabo Sefolosha,1
2015,MIA,Chris Andersen,1
2015,MIA,Luol Deng,1
2015,DAL,Jose Barea,1
2015,IND,Jordan Hill,1
2015,IND,Myles Turner,1
2015,SAS,Manu Ginobili,1
2015,SAS,Tim Duncan,1
2015,POR,Chris Kaman,1
2015,ATL,Edy Tavares,1
2015,DAL,Jose Barea,1
2015,BRK,Donald Sloan,1
2015,TOR,Bruno Caboclo,1
2015,SAS,Matt Bonner,1
2015,SAS,Ray McCallum Jr.,1
2015,GSW,Harrison Barnes,1
2015,WAS,Drew Gooden,1
2015,WAS,Gary Neal,1
2015,WAS,Nene Hilario,1
2015,MIL,Greivis Vasquez,1
2015,BRK,Willie Reed,1
2015,CHI,Kirk Hinrich,1
2015,ATL,Tim Hardaway Jr.,1
2015,MIA,Amar'e Stoudemire,1
2015,CHA,Al Jefferson,1
2015,BRK,Andrea Bargnani,1
2015,IND,Shayne Whittington,1
2015,SAS,Boban Marjanovic,1
2015,OKC,Mitch McGary,1
2015,DAL,Chandler Parsons,1
2015,BRK,Andrea Bargnani,1
2015,CHA,Al Jefferson,1
2015,NOP,Jrue Holiday,1
2015,TOR,James Johnson,1
2015,POR,Cliff Alexander,1
2015,MIA,Jarnell Stokes,1
2015,DET,Aron Baynes,1
2015,TOR,Delon Wright,1
2015,MIL,Tyler Ennis,1
2015,CLE,Joe Harris,1
2015,ATL,Edy Tavares,1
2015,HOU,Dwight Howard,1
2015,WAS,Kris Humphries,1
2015,MIL,Jerryd Bayless,1
2015,CHI,Aaron Brooks,1
2015,CLE,LeBron James,1
2015,BOS,David Lee,1
2015,MIA,Luol Deng,1
2015,TOR,Bruno Caboclo,1
2015,HOU,K.J. McDaniels,1
2015,SAS,Boban Marjanovic,1
2015,GSW,Andrew Bogut,1
2015,MEM,Brandan Wright,1
2015,DAL,Chandler Parsons,1
2015,DAL,Dwight Powell,1
2015,DAL,JaVale McGee,1
2015,BRK,Rondae Hollis-Jefferson,1
2015,BRK,Sergey Karasev,1
2015,CHI,Cristiano Felicio,1
2015,BOS,R.J. Hunter,1
2015,DAL,Devin Harris,1
2015,TOR,DeMarre Carroll,1
2015,TOR,Lucas Nogueira,1
2015,SAS,Manu Ginobili,1
2015,SAS,Kawhi Leonard,1
2015,SAS,Tim Duncan,1
2015,HOU,Montrezl Harrell,1
2015,GSW,Leandro Barbosa,1
2015,MEM,James Ennis,1
2015,MEM,Brandan Wright,1
2015,ATL,Mike Scott,1
2015,DAL,Justin Anderson,1
2015,DAL,Salah Mejri,1
2015,BRK,Rondae Hollis-Jefferson,1
2015,TOR,Delon Wright,1
2015,HOU,Trevor Ariza,1
2015,SAS,Boban Marjanovic,1
2015,SAS,Ray McCallum Jr.,1
2015,WAS,Kris Humphries,1
2015,TOR,Lucas Nogueira,1
2015,ATL,Mike Scott,1
2015,ATL,Tiago Splitter,1
2015,BRK,Rondae Hollis-Jefferson,1
2015,CLE,J.R. Smith,1
2015,BOS,R.J. Hunter,1
2015,MEM,Brandan Wright,1
2015,MIA,Josh McRoberts,1
2015,MIA,Tyler Johnson,1
2015,NOP,Ryan Anderson,1
2015,SAS,Tony Parker,1
2015,SAS,Matt Bonner,1
2015,GSW,Klay Thompson,1
2015,WAS,Bradley Beal,1
2015,WAS,Drew Gooden,1
2015,ATL,Tim Hardaway Jr.,1
2015,DAL,Deron Williams,1
2015,NOP,Jrue Holiday,1
2015,SAS,Boban Marjanovic,1
2015,SAS,Ray McCallum Jr.,1
2015,MEM,Brandan Wright,1
2015,MEM,Tony Allen,1
2015,TOR,Bruno Caboclo,1
2015,TOR,DeMarre Carroll,1
2015,ATL,Edy Tavares,1
2015,DAL,Justin Anderson,1
2015,NOP,Toney Douglas,1
2015,TOR,DeMarre Carroll,1
2015,HOU,Clint Capela,1
2015,MIL,Greg Monroe,1
2015,MIL,Greivis Vasquez,1
2015,MEM,Brandan Wright,1
2015,CHA,P.J. Hairston,1
2015,DAL,John Jenkins,1
2015,BRK,Sergey Karasev,1
2015,BRK,Shane Larkin,1
2015,SAS,Tim Duncan,1
2015,CLE,Iman Shumpert,1
2015,CLE,Mo Williams,1
2015,CHA,Nicolas Batum,1
2015,TOR,DeMarre Carroll,1
2015,POR,Chris Kaman,1
2015,MIA,Chris Andersen,1
2015,MIA,Tyler Johnson,1
2015,DAL,Devin Harris,1
2015,DAL,Justin Anderson,1
2015,BRK,Thomas Robinson,1
2015,NOP,Alex Ajinca,1
2015,DET,Aron Baynes,1
2015,TOR,DeMarre Carroll,1
2015,SAS,Rasual Butler,1
2015,CHI,Pau Gasol,1
2015,CHA,P.J. Hairston,1
2015,OKC,Josh Huestis,1
2015,WAS,Bradley Beal,1
2015,WAS,Otto Porter Jr.,1
2015,POR,Luis Montero,1
2015,MIL,Giannis Antetokounmpo,1
2015,MIL,Jason Kidd,1
2015,CLE,Mo Williams,1
2015,NOP,Alex Ajinca,1
2015,TOR,DeMarre Carroll,1
2015,CLE,Joe Harris,1
2015,POR,C.J. McCollum,1
2015,POR,Damian Lillard,1
2015,CHI,Cristiano Felicio,1
2015,CHI,Joakim Noah,1
2015,BOS,Amir Johnson,1
2015,BOS,Jared Sullinger,1
2015,SAS,Matt Bonner,1
2015,WAS,Gary Neal,1
2015,MIA,Goran Dragic,1
2015,DAL,Deron Williams,1
2015,DAL,Devin Harris,1
2015,DET,Spencer Dinwiddie,1
2015,TOR,Bruno Caboclo,1
2015,TOR,James Johnson,1
2015,POR,Cliff Alexander,1
2015,CLE,Sasha Kaun,1
2015,DAL,Deron Williams,1
2015,CHI,Joakim Noah,1
2015,SAS,Rasual Butler,1
2015,CLE,Kyrie Irving,1
2015,BOS,David Lee,1
2015,MEM,James Ennis,1
2015,CHA,Spencer Hawes,1
2015,TOR,Norman Powell,1
2015,SAS,Manu Ginobili,1
2015,SAS,Tim Duncan,1
2015,WAS,Gary Neal,1
2015,DAL,Justin Anderson,1
2015,DAL,Salah Mejri,1
2015,MEM,Jordan Adams,1
2015,DAL,Deron Williams,1
2015,POR,Ed Davis,1
2015,BOS,Jordan Mickey,1
2015,ATL,Tiago Splitter,1
2015,MIL,Damien Inglis,1
2015,MIL,John Henson,1
2015,CHI,Doug McDermott,1
2015,CLE,Sasha Kaun,1
2015,ATL,Tiago Splitter,1
2015,MIA,Jarnell Stokes,1
2015,MIA,Justise Winslow,1
2015,CHA,Spencer Hawes,1
2015,DAL,Deron Williams,1
2015,IND,C.J. Miles,1
2015,TOR,Bruno Caboclo,1
2015,SAS,Rasual Butler,1
2015,SAS,Tim Duncan,1
2015,GSW,Leandro Barbosa,1
2015,CLE,Kyrie Irving,1
2015,ATL,Dennis Schroder,1
2015,IND,Jordan Hill,1
2015,HOU,Terrence Jones,1
2015,POR,Cliff Alexander,1
2015,CHI,Derrick Rose,1
2015,BOS,Terry Rozier,1
2015,CHA,Al Jefferson,1
2015,CHA,Jeremy Lin,1
2015,GSW,Festus Ezeli,1
2015,GSW,Leandro Barbosa,1
2015,GSW,Stephen Curry,1
2015,CHA,Al Jefferson,1
2015,IND,Ian Mahinmi,1
2015,OKC,Steve Novak,1
2015,GSW,Leandro Barbosa,1
